new_x,new_y
0.5167451500892639,2.7647864818573
0.5167451500892639,2.7647864818573
0.5167451500892639,2.7647864818573
0.5167451500892639,2.7647864818573
0.5167451500892639,2.7647864818573
0.6328540444373689,2.746186971664435
0.671557009220064,2.739987134933481
0.7102599740027591,2.733787298202527
0.7489629387854542,2.727587461471573
0.7876659035681493,2.7213876247406192
0.504321813583321,2.8188276290893928
0.47519135475150737,2.8394346237183177
0.4460608959196938,2.8600416183472426
0.4169304370878802,2.8806486129761675
0.3877999782560666,2.9012556076050924
0.534973502159102,2.812515974044821
0.5257704257964838,2.8241500854492507
0.5165673494338656,2.8357841968536803
0.5073642730712474,2.84741830825811
0.4981611967086292,2.8590524196625395
0.5715049505233873,2.8155455589294593
0.5775467157364055,2.8243114948272945
0.5835884809494236,2.8330774307251296
0.5896302461624418,2.8418433666229648
0.5956720113754599,2.8506093025208
0.5406214594841245,2.8433916568755517
0.5343548059463864,2.858517646789463
0.5280881524086483,2.873643636703374
0.5218214988709101,2.888769626617285
0.515554845333172,2.903895616531196
0.5656604766845779,2.851317882537865
0.5698290467262381,2.8640439510345805
0.5739976167678984,2.876770019531296
0.5781661868095587,2.889496088028012
0.5823347568512189,2.9022221565247275
0.6403992176055939,1.7339813709258618
0.6680911779403733,1.3700199127196644
0.6957831382751527,1.006058454513467
0.7234750986099321,0.6420969963072696
0.7511670589447115,0.2781355381010721
0.3364385366447732,2.554926872253122
0.25357961654781774,2.585934400558028
0.1707206964508623,2.616941928862934
0.08786177635390685,2.6479494571678397
0.0050028562569514054,2.6789569854727455
0.5096939206123399,2.5578691959381494
0.5122064352035592,2.5795216560364356
0.5147189497947786,2.6011741161347217
0.517231464385998,2.622826576233008
0.5197439789772174,2.644479036331294
0.47443172335622863,2.5972049236298105
0.4643526673316681,2.62475180625923
0.4542736113071075,2.6522986888886493
0.444194555282547,2.6798455715180687
0.4341154992579864,2.707392454147488
-0.2087565362453283,1.6993603706360076
-0.44320532679555136,1.4184434413910232
-0.6776541173457744,1.1375265121460387
-0.9121029078959975,0.8566095829010543
-1.1465516984462205,0.5756926536560698
0.4289076924325059,2.26631832122803
0.4851632416249857,2.268026351928715
0.5414187908174655,2.2697343826294
0.5976743400099452,2.271442413330085
0.653929889202425,2.2731504440307697
0.5246455371381115,2.2554979324340776
0.5940618515016542,2.253029823303216
0.663478165865197,2.2505617141723544
0.7328944802287398,2.248093605041493
0.8023107945922826,2.245625495910631
0.33424198627468793,2.309396266937285
0.31705167889590335,2.325716972351118
0.2998613715171188,2.342037677764951
0.2826710641383342,2.358358383178784
0.26548075675954963,2.3746790885926172
0.3801024556160043,2.299648761749282
0.3839290738105879,2.3072800636291717
0.38775569200517146,2.3149113655090616
0.39158231019975503,2.3225426673889515
0.3954089283943386,2.3301739692688415
0.39598748087882885,0.9591960906983018
0.4038335680961592,0.5174660682679117
0.4116796553134896,0.07573604583752166
0.41952574253082,-0.3659939765928684
0.42737182974815036,-0.8077239990232585
-0.025121033191926732,1.9630815982819332
-0.16025981307066597,2.0032234191895624
-0.29539859294940524,2.0433652400971916
-0.43053737282814447,2.0835070610048207
-0.5656761527068838,2.12364888191245
0.16625581681723578,1.9347319602966624
0.1399555802344558,1.9520432949066635
0.11365534365167584,1.9693546295166646
0.08735510706889588,1.9866659641266657
0.061054870486115916,2.003977298736667
0.34093949198730245,1.9043757915496853
0.3816338926554837,1.9057979583740274
0.42232829332366495,1.9072201251983696
0.4630226939918462,1.9086422920227117
0.5037170946600275,1.910064458847054
0.37347054481513253,1.914680004119881
0.41144382953654157,1.919062852859509
0.4494171142579506,1.923445701599137
0.48739039897935965,1.927828550338765
0.5253636837007687,1.9322113990783931
0.24478799104697346,2.0025428533552834
0.22720932960520446,2.0347523689268154
0.20963066816343545,2.0669618844983475
0.19205200672166645,2.0991714000698796
0.17447334527989744,2.1313809156414116
0.31161656975748075,1.959008216857923
0.3221736550331404,1.9659696817398264
0.3327307403088,1.9729311466217299
0.34328782558445964,1.9798926115036333
0.35384491086011927,1.9868540763855367
0.36480012536053397,1.960571646690378
0.38956603407866564,1.9657337665558001
0.4143319427967973,1.9708958864212223
0.43909785151492897,1.9760580062866444
0.46386376023306064,1.9812201261520666
0.38825157284741063,1.9613335132598944
0.412579327821798,1.9650288820266824
0.4369070827961854,1.9687242507934704
0.4612348377705728,1.9724196195602584
0.48556259274496016,1.9761149883270464
0.8559690117835868,0.5251507759094616
1.0297019481658738,0.026939868927058536
1.2034348845481608,-0.4712710380553445
1.3771678209304479,-0.9694819450377475
1.550900757312735,-1.4676928520201507
0.24666637182222015,1.6162917613983514
0.17133212089518018,1.6360940933228079
0.09599786996814023,1.6558964252472643
0.020663619041100284,1.6756987571717208
-0.054670631885939666,1.6955010890961772
0.30863958597177854,1.6096274852752885
0.2790744900702624,1.620607614517242
0.24950939416874626,1.6315877437591952
0.2199442982672301,1.6425678730011486
0.19037920236571396,1.653548002243102
0.34743416309355457,1.6056655645370594
0.3406556248664671,1.6116650104522872
0.33387708663937965,1.6176644563675149
0.3270985484122922,1.6236639022827426
0.32032001018520473,1.6296633481979703
0.4051636457443505,1.6219117641449148
0.4198877811432286,1.6313267946243546
0.43461191654210674,1.6407418251037944
0.44933605194098486,1.6501568555832342
0.464060187339863,1.659571886062674
0.30864709615728747,1.6384171247481176
0.28629100322755413,1.6501955986021264
0.2639349102978208,1.6619740724561352
0.24157881736808745,1.673752546310144
0.2192227244383541,1.6855310201641527
0.3227138817310148,1.6428527832031419
0.3124987483024319,1.6521836519241586
0.302283614873849,1.6615145206451754
0.29206848144526615,1.670845389366192
0.28185334801668327,1.6801762580872088
0.33455294370650723,1.64870142936708
0.3316892087459486,1.6568715572357398
0.32882547378538995,1.6650416851043994
0.3259617388248313,1.673211812973059
0.3230980038642727,1.6813819408417188
0.3495376110076961,1.6508029699325673
0.3526233434677209,1.656950235366838
0.3557090759277457,1.6630975008011086
0.3587948083877705,1.6692447662353793
0.3618805408477953,1.67539203166965
0.341702342033373,1.6744233369827448
0.33442646265027925,1.6841651201248435
0.3271505832671855,1.6939069032669423
0.3198747038840917,1.703648686409041
0.31259882450099796,1.7133904695511397
0.3478887379169572,1.6807261705398227
0.34510028362275785,1.6893216371535755
0.3423118293285585,1.6979171037673284
0.3395233750343592,1.7065125703810813
0.33673492074015987,1.7151080369948342
0.24749046564101618,0.6858311891555227
0.21396732330321433,0.3479218482970352
0.18044418096541248,0.010012507438547752
0.14692103862761063,-0.3278968334199397
0.11339789628980879,-0.6658061742784271
0.4439520835872345,1.3978550434111394
0.487090528010704,1.4099234342573341
0.5302289724341736,1.4219918251035288
0.5733674168576431,1.4340602159497235
0.6165058612811127,1.4461286067959183
0.33007538318630447,1.4061774015426822
0.3103824853896557,1.4164496660232824
0.2906895875930069,1.4267219305038825
0.2709966897963581,1.4369941949844827
0.2513037919997093,1.4472664594650828
0.3854735195636846,1.4101890325546416
0.3908109664917137,1.418374419212364
0.39614841341974283,1.4265598058700864
0.40148586034777195,1.4347451925278087
0.40682330727580107,1.4429305791855311
0.41276529431345377,1.414632916450513
0.4254208505154001,1.4215711355209537
0.4380764067173464,1.4285093545913945
0.4507319629192927,1.4354475736618353
0.463387519121239,1.442385792732276
0.4443556368351328,1.405668854713443
0.46332278847699576,1.4073063135147141
0.48228994011885873,1.4089437723159852
0.5012570917607216,1.4105812311172563
0.5202242434025846,1.4122186899185274
0.3461990356444947,1.4390139579773171
0.3261249363421846,1.4512206315994596
0.30605083703987446,1.463427305221602
0.2859767377375643,1.4756339788437445
0.2659026384352542,1.487840652465887
0.3496200442314148,5.571723937988276
0.3312857747077942,6.949276685714714
0.3129515051841736,8.326829433441151
0.294617235660553,9.70438218116759
0.2762829661369324,11.081934928894029
0.48309585452085646,2.837722778320325
0.515364944934933,2.844757556915302
0.5476340353490096,2.8517923355102788
0.5799031257630861,2.8588271141052557
0.6121722161771627,2.8658618927002326
0.508389681577737,2.8309051990509078
0.5383336842060906,2.8333225250244207
0.5682776868344442,2.8357398509979337
0.5982216894627979,2.8381571769714466
0.6281656920911515,2.8405745029449596
0.4634644687175745,1.8034458160400746
0.4684520661830894,1.462570905685478
0.47343966364860424,1.1216959953308816
0.4784272611141191,0.7808210849762852
0.48341485857963395,0.43994617462168883
0.639567434787863,2.456688404083235
0.7015934884549879,2.4471859931945548
0.7636195421221128,2.4376835823058745
0.8256455957892377,2.428181171417194
0.8876716494563626,2.418678760528514
0.21831449866276842,2.5386385917663956
0.11924755573245677,2.5596203804016686
0.02018061280214511,2.5806021690369416
-0.07888633012816655,2.6015839576722146
-0.17795327305847822,2.6225657463074876
0.4100502431392631,2.5306403636932577
0.4079175293445529,2.541962146759064
0.4057848155498427,2.55328392982487
0.4036521017551325,2.564605712890676
0.4015193879604223,2.575927495956482
0.43662583827973767,2.530611038208021
0.444062560796758,2.538149118423482
0.4514992833137783,2.5456871986389427
0.45893600583079863,2.5532252788544034
0.46637272834781895,2.560763359069864
0.3328256309033586,2.563559293746886
0.3031833767892649,2.579567432403471
0.27354112267517117,2.5955755710600563
0.24389886856107745,2.6115837097166414
0.21425661444698374,2.6275918483732266
0.4009467661380821,2.5690453052520983
0.40389230847359503,2.581546068191563
0.40683785080910795,2.5940468311310276
0.40978339314462087,2.6065475940704923
0.4127289354801338,2.619048357009957
0.41770648956300205,2.575175285339374
0.4252567589283196,2.585552453994779
0.43280702829363715,2.595929622650184
0.4403572976589547,2.6063067913055886
0.44790756702427226,2.6166839599609935
0.4377262592315887,2.581178665161149
0.4494330286979995,2.5900979042053462
0.4611397981644103,2.5990171432495437
0.4728465676308211,2.607936382293741
0.4845533370972319,2.6168556213379386
0.43922162055970726,2.6082413196563925
0.44739392399790134,2.6195511817932435
0.45556622743609543,2.6308610439300946
0.4637385308742895,2.6421709060669456
0.4719108343124836,2.6534807682037966
0.49738681316375544,1.8607149124145692
0.5222234129905673,1.6190793514251984
0.5470600128173791,1.3774437904358277
0.571896612644191,1.1358082294464569
0.5967332124710029,0.8941726684570861
0.8688377141952524,1.07365548610687
1.0159350335598005,0.6376254558563191
1.1630323529243487,0.2015954256057684
1.3101296722888969,-0.23443460464478233
1.457226991653445,-0.670464634895333
0.16757404804205056,2.015917897224469
0.03188437223397427,2.0393186807633086
-0.10380530357410202,2.0627194643021483
-0.2394949793821783,2.086120247840988
-0.3751846551902546,2.1095210313798276
0.30354753136630086,2.0366492271423606
0.2774759829043631,2.0513105392456454
0.25140443444242533,2.0659718513489302
0.22533288598048756,2.080633163452215
0.1992613375185498,2.0952944755555
0.33518335223204465,2.034876823425205
0.3283475935460116,2.044060230254995
0.3215118348599786,2.053243637084785
0.31467607617394555,2.062427043914575
0.3078403174879125,2.071610450744365
0.3575895726680809,2.0420067310333403
0.36050114035607184,2.0505056381225812
0.3634127080440628,2.059004545211822
0.36632427573205373,2.067503452301063
0.3692358434200447,2.076002359390304
0.408637404441868,2.0320298671722457
0.4275943934917968,2.034370183944709
0.44655138254172555,2.036710500717172
0.4655083715916543,2.039050817489635
0.4844653606415831,2.0413911342620983
0.44433254003529243,2.0374500751495424
0.46886891126639385,2.0408170223236177
0.49340528249749527,2.044183969497693
0.5179416537285967,2.0475509166717685
0.5424780249596981,2.050917863845844
0.35321536660191843,2.061090230941791
0.33920055627819046,2.0712149143219274
0.3251857459544625,2.0813395977020637
0.3111709356307345,2.0914642810822
0.2971561253070065,2.1015889644623362
0.17142683267593883,0.8714568614960019
0.10520780086518083,0.4725630283356166
0.03898876905442284,0.07366919517523128
-0.027230262756335156,-0.32522463798515405
-0.09344929456709315,-0.7241184711455394
0.3930654227734153,1.618909835815399
0.42279893159874443,1.6021316051482695
0.4525324404240736,1.5853533744811399
0.48226594924940275,1.5685751438140103
0.5119994580747319,1.5517969131468807
0.51771551370597,1.732229828834431
0.5790878832336682,1.7588176727293383
0.6404602527613664,1.7854055166242455
0.7018326222890646,1.8119933605191527
0.7632049918167628,1.83858120441406
0.32701030373569184,1.7087486982345763
0.30435681343072435,1.7186468839645659
0.28170332312575685,1.7285450696945555
0.25904983282078936,1.738443255424545
0.23639634251582187,1.7483414411545346
0.35399699211119495,1.716841936111467
0.34789022803304914,1.7261384725570932
0.34178346395490333,1.7354350090027193
0.3356766998767575,1.7447315454483454
0.3295699357986117,1.7540280818939715
0.36481362581252963,1.7165576219558827
0.36434799432754383,1.7226605415344405
0.36388236284255804,1.7287634611129983
0.36341673135757224,1.734866380691556
0.36295109987258645,1.7409693002701139
0.41218841075900037,1.7187083959579557
0.42766958475117145,1.7234939336776867
0.44315075874334253,1.7282794713974177
0.4586319327355136,1.7330650091171487
0.4741131067276847,1.7378505468368797
0.3524060845375978,1.742885589599502
0.3427994251252596,1.7541350126264867
0.33319276571292145,1.7653844356534716
0.32358610630058326,1.7766338586804564
0.3139794468882451,1.7878832817074413
-0.1596989631653068,0.5794717073440021
-0.334471553564107,0.1856924295424619
-0.5092441439629073,-0.2080868482590783
-0.6840167343617075,-0.6018661260606185
-0.8587893247605077,-0.9956454038621587
0.27257832884777855,1.3630831241607715
0.3001556992529224,1.361767411232002
0.32773306965806626,1.3604516983032324
0.3553104400632101,1.359135985374463
0.38288781046835396,1.3578202724456934
0.31149536371236786,1.3669705390930185
0.3428526222706697,1.3673892021179213
0.37420988082897155,1.367807865142824
0.4055671393872734,1.3682265281677268
0.43692439794557525,1.3686451911926296
0.36423966288573595,1.3787531852722243
0.4027259349824049,1.382959842681896
0.4412122070790738,1.3871665000915678
0.47969847917574276,1.3913731575012396
0.5181847512724117,1.3955798149109113
0.41112974286084947,1.3786873817443897
0.44160088896759714,1.381351709365852
0.4720720350743448,1.3840160369873145
0.5025431811810925,1.3866803646087769
0.5330143272878403,1.3893446922302393
0.2716717720031262,1.3977797031402734
0.24549987912170895,1.4059200286865454
0.2193279862402917,1.4140603542328174
0.19315609335887446,1.4222006797790894
0.1669842004774572,1.4303410053253613
0.3146278858184812,1.403351187706003
0.3145276308059689,1.4085469245910784
0.3144273757934566,1.413742661476154
0.31432712078094427,1.4189383983612294
0.31422686576843195,1.4241341352463048
0.33682787418358473,1.405530333518942
0.344161033630266,1.409720540046632
0.3514941930769473,1.413910746574322
0.3588273525236286,1.418100953102012
0.36616051197030985,1.4222911596297019
0.31782892346381153,1.4287383556366087
0.31238481402395674,1.4352729320526303
0.30694070458410194,1.441807508468652
0.30149659514424715,1.4483420848846735
0.29605248570439235,1.4548766613006952
0.3262846469879136,1.4345798492431756
0.32547381520271085,1.4408833980560476
0.3246629834175081,1.4471869468689196
0.32385215163230535,1.4534904956817916
0.3230413198471026,1.4597940444946635
0.3221696913242328,1.4549806118011621
0.32150730490684326,1.4629536867141943
0.32084491848945373,1.4709267616272266
0.3201825320720642,1.4788998365402588
0.3195201456546747,1.486872911453291
0.33286708593369096,1.4589943885803343
0.3359912931919183,1.4656476974487485
0.3391155004501456,1.4723010063171627
0.3422397077083729,1.4789543151855769
0.34536391496660024,1.485607624053991
0.31012198328971863,2.0565216541290283
0.31012198328971863,2.0565216541290283
0.31012198328971863,2.0565216541290283
0.31012198328971863,2.0565216541290283
0.31012198328971863,2.0565216541290283
0.6298353075983079,2.0659651756286674
0.7364064157012032,2.069113016128548
0.8429775238040986,2.0722608566284286
0.949548631906994,2.075408697128309
1.0561197400098894,2.07855653762819
0.6488305032245876,2.054903030395523
0.7262096405018212,2.0533142089843976
0.8035887777790549,2.0517253875732724
0.8809679150562886,2.050136566162147
0.9583470523335222,2.048547744751022
0.3407696783541704,2.1185140609741575
0.2896688282488383,2.138658523559625
0.23856797814350614,2.1588029861450924
0.187467128038174,2.17894744873056
0.13636627793284187,2.199091911316027
0.4654203951358932,2.1037726402282866
0.47290340065958164,2.1122884750366437
0.4803864061832701,2.120804309845001
0.4878694117069586,2.129320144653358
0.49535241723064705,2.137835979461715
0.5170384347439216,2.1103451251983785
0.5392331182957302,2.1182131767273162
0.5614278018475387,2.126081228256254
0.5836224853993472,2.1339492797851918
0.6058171689511558,2.1418173313141295
0.553705781698276,2.109889030456552
0.5807246863842747,2.114982366561903
0.6077435910702733,2.120075702667254
0.634762495756272,2.125169038772605
0.6617814004422706,2.1302623748779563
0.5077612400054992,2.1423101425171094
0.5110105872154326,2.153096199035674
0.514259934425366,2.1638822555542383
0.5175092816352994,2.1746683120728028
0.5207586288452328,2.185454368591367
-0.22826883196834824,0.9400739669799142
-0.474676549434723,0.5392582416533429
-0.7210842669010977,0.13844251632677165
-0.9674919843674725,-0.2623732089997996
-1.2138997018338473,-0.6631889343263708
0.4343205988408164,1.7169840335845796
0.49091193079963863,1.7087435722350848
0.5475032627584608,1.70050311088559
0.6040945947172831,1.692262649536095
0.6606859266761054,1.6840221881866002
0.5155154764653431,1.7092717885970923
0.5803079903127532,1.7012073993682642
0.6451005041601632,1.693143010139436
0.7098930180075732,1.685078620910608
0.7746855318549832,1.6770142316817798
0.5517754554736971,1.7205471992493013
0.6070571243745624,1.7189294099808246
0.6623387932754277,1.7173116207123478
0.7176204621762929,1.715693831443871
0.7729021310771582,1.7140760421753942
0.44505178928375844,1.7554576396942236
0.44833412766457503,1.7608648538589624
0.45161646604539163,1.7662720680237012
0.4548988044262082,1.77167928218844
0.4581811428070248,1.7770864963531787
0.46409532427789335,1.759674668312082
0.472631394863152,1.7646851539611956
0.4811674654484106,1.7696956396103092
0.48970353603366923,1.7747061252594227
0.49823960661892785,1.7797166109085363
0.4954184591770465,1.7573072910308882
0.5115502178669415,1.7598584890365667
0.5276819765568366,1.7624096870422452
0.5438137352467316,1.7649608850479237
0.5599454939366266,1.7675120830536022
0.5144966244697882,1.7555179595947288
0.5316105186939706,1.7566223144531283
0.548724412918153,1.7577266693115279
0.5658383071423354,1.7588310241699274
0.5829522013665178,1.759935379028327
0.4191866219043361,1.7726869583129998
0.3988258838653008,1.7791461944580251
0.37846514582626556,1.7856054306030504
0.3581044077872303,1.7920646667480757
0.33774366974819503,1.798523902893101
0.6275596618652437,0.2960138320922017
0.6841158270836016,-0.2079546451569855
0.7406719923019596,-0.7119231224061727
0.7972281575203175,-1.2158915996553599
0.8537843227386754,-1.7198600769045471
0.3150458335875256,1.380989551544236
0.24857866764050468,1.4066691398621305
0.18211150169348378,1.432348728180025
0.11564433574646288,1.4580283164979193
0.04917716979944198,1.4837079048158137
0.4583593308924905,1.349900722503521
0.46181905269611945,1.3566575050351886
0.4652787744997484,1.3634142875668562
0.4687384963033774,1.370171070098524
0.47219821810700635,1.3769278526301916
0.3438327908515194,1.45210254192359
0.30334115028370306,1.4890805482865386
0.2628495097158867,1.5260585546494871
0.22235786914807035,1.5630365610124357
0.18186622858025397,1.6000145673753843
0.36913725733753644,1.4518092870712729
0.3505776524543256,1.476363539695807
0.33201804757111475,1.5009177923203412
0.3134584426879039,1.5254720449448753
0.29489883780469306,1.5500262975694095
0.4564030468464235,1.456272721290611
0.4749691188335925,1.4686483144760472
0.49353519082076147,1.4810239076614833
0.5121012628079304,1.4933995008469194
0.5306673347950994,1.5057750940323555
0.4787318110466364,1.4628794193268013
0.4985521137714927,1.473332047462492
0.518372416496349,1.4837846755981827
0.5381927192212053,1.4942373037338734
0.5580130219460615,1.5046899318695641
0.4020765423774495,1.4820388555526978
0.38973832130428765,1.4953937530517944
0.3774001002311258,1.5087486505508911
0.36506187915796395,1.5221035480499878
0.3527236580848021,1.5354584455490845
0.4109148979186915,1.4891949892044272
0.405635535716996,1.5004836320877382
0.4003561735153005,1.5117722749710492
0.395076811313605,1.5230609178543602
0.3897974491119095,1.5343495607376711
0.45437118411066146,1.4872385263443118
0.4653370380401911,1.494112133979816
0.47630289196972075,1.5009857416153203
0.4872687458992504,1.5078593492508245
0.49823459982878004,1.5147329568863288
0.4705912172794573,1.492401242256176
0.4833084642887462,1.498704552650469
0.4960257112980351,1.5050078630447619
0.508742958307324,1.5113111734390547
0.5214602053166129,1.5176144838333476
0.4248370230197839,1.5207353830337706
0.42113921046256003,1.530640006065396
0.4174413979053362,1.5405446290970213
0.41374358534811234,1.5504492521286466
0.4100457727908885,1.560353875160272
0.4314086437225356,1.5526130199432604
0.4321911334991477,1.5652272701263774
0.4329736232757597,1.5778415203094944
0.4337561130523718,1.5904557704926114
0.4345386028289838,1.6030700206757285
0.31707617640495167,0.5986489057540783
0.2794870138168315,0.2890703678130937
0.24189785122871132,-0.02050817012789084
0.20430868864059115,-0.33008670806887536
0.16671952605247098,-0.6396652460098599
0.4635312557220891,1.206621885299676
0.487290173769062,1.202893853187551
0.5110490918160349,1.1991658210754261
0.5348080098630078,1.1954377889633012
0.5585669279099807,1.1917097568511763
0.5146166086190024,1.2179378271102634
0.5474843382825075,1.2192244529723715
0.5803520679460127,1.2205110788344795
0.6132197976095178,1.2217977046965875
0.646087527273023,1.2230843305586956
0.30318695306769117,1.2658469676971742
0.25462222099290943,1.2826744318008882
0.20605748891812772,1.2995018959046023
0.15749275684334602,1.3163293600083164
0.1089280247685643,1.3331568241120304
0.34560105204578895,1.2694983482361066
0.3273625969886282,1.2819337844848973
0.3091241419314674,1.2943692207336879
0.29088568687430666,1.3068046569824785
0.2726472318171459,1.3192400932312691
0.3784265816211678,1.2704260349273837
0.37720945477485324,1.2790255546570057
0.37599232792853865,1.2876250743866278
0.37477520108222406,1.2962245941162498
0.3735580742359095,1.3048241138458718
0.4007696211338164,1.2634605169296327
0.4074058830738249,1.2668716907501314
0.4140421450138334,1.27028286457063
0.4206784069538419,1.2736940383911288
0.4273146688938504,1.2771052122116275
0.3610510528087456,1.2967017889023071
0.35223570466039167,1.3100563287735352
0.3434203565120377,1.3234108686447632
0.3346050083636838,1.3367654085159912
0.32578966021532985,1.3501199483872193
0.36012935638426613,1.3237023353576984
0.3539452254772018,1.3416055440903196
0.3477610945701375,1.3595087528229408
0.34157696366307316,1.377411961555562
0.33539283275600884,1.3953151702881832
0.3749998509883896,1.3315912485122947
0.3758339285850548,1.346156358718912
0.37666800618172,1.3607214689255294
0.37750208377838523,1.3752865791321467
0.37833616137505044,1.389851689338764
0.39291200041772123,1.3387877941131814
0.3994387686252772,1.3508967161178922
0.4059655368328332,1.363005638122603
0.4124923050403892,1.3751145601273138
0.4190190732479452,1.3872234821320246
0.6215071678161614,6.70843648910521
0.7020567357540121,8.506392002105692
0.7826063036918627,10.304347515106173
0.8631558716297133,12.102303028106654
0.9437054395675639,13.900258541107135
0.5284461081028398,3.1212072372436577
0.5511254668236398,3.124101161956795
0.5738048255444399,3.1269950866699325
0.59648418426524,3.12988901138307
0.61916354298604,3.1327829360962074
1.0912951827049708,1.9942209720610737
1.2940311133862221,1.6204881668089568
1.4967670440674734,1.2467553615568399
1.6995029747487247,0.8730225563047229
1.902238905429976,0.49928975105260603
0.45516371726974264,2.834646463394222
0.3700342774388852,2.8656508922577757
0.2849048376080277,2.8966553211213295
0.19977539777717024,2.9276597499848833
0.11464595794631277,2.958664178848437
0.4295737147331302,1.9699993133545324
0.38363963365555775,1.68460226058966
0.3377055525779853,1.3992052078247876
0.2917714715004128,1.1138081550599153
0.2458373904228404,0.8284111022950429
0.7494941949845744,2.551382064819342
0.8255116343500305,2.554911613464365
0.9015290737154866,2.5584411621093874
0.9775465130809428,2.56197071075441
1.0535639524463989,2.5655002593994327
0.575898289680481,1.5233097076416064
0.5687112808227539,1.1829719543457105
0.5615242719650269,0.8426342010498145
0.5543372631072998,0.5022964477539185
0.5471502542495728,0.16195869445802252
0.7234067916870925,2.2267317771911763
0.7677849531174918,2.2343139648437713
0.8121631145478911,2.2418961524963663
0.8565412759782904,2.2494783401489613
0.9009194374086897,2.2570605278015563
0.44463872909532526,2.2484354972839595
0.3711118102071663,2.261652946472204
0.2975848913190074,2.2748703956604484
0.2240579724308485,2.2880878448486928
0.15053105354268959,2.301305294036937
0.5712297558784567,2.2474420070648256
0.5757740139961366,2.2509207725524996
0.5803182721138165,2.2543995380401736
0.5848625302314964,2.2578783035278476
0.5894067883491763,2.2613570690155216
0.6265623569488916,2.2520616054534983
0.6480360627174964,2.2559206485748398
0.6695097684861011,2.259779691696181
0.6909834742547059,2.2636387348175226
0.7124571800233106,2.267497777938864
0.5787999033927922,2.2838060855865647
0.579060077667237,2.2933239936828866
0.5793202519416818,2.3028419017792086
0.5795804262161266,2.3123598098755305
0.5798406004905714,2.3218777179718524
0.5789189934730485,2.304870367049891
0.5791321396827631,2.3182370662685012
0.5793452858924777,2.3316037654871113
0.5795584321021923,2.3449704647057215
0.5797715783119068,2.3583371639243316
-0.3457499444485399,1.2225657701491524
-0.6538308262826045,0.8707087039946332
-0.961911708116669,0.518851637840114
-1.2699925899507336,0.16699457168559478
-1.5780734717847982,-0.18486249446892444
0.5217964649201616,1.9374555349350064
0.5865025520326472,1.9422795772552623
0.6512086391451328,1.9471036195755183
0.7159147262576184,1.9519276618957742
0.780620813370104,1.95675170421603
0.5258624553681229,1.9420381784439171
0.5703551769257805,1.946781754493726
0.6148478984834381,1.951525330543535
0.6593406200410957,1.9562689065933438
0.7038333415987533,1.9610124826431528
0.38086801767367073,1.9907767772672709
0.36219835281398816,2.0101853609082303
0.3435286879543056,2.0295939445491897
0.324859023094623,2.049002528190149
0.3061893582349404,2.0684111118311086
0.4326673150062649,1.9608305692672783
0.437487304210676,1.963787555694588
0.4423072934150871,1.9667445421218979
0.44712728261949825,1.9697015285492077
0.45194727182390937,1.9726585149765175
0.4531210958957854,1.9619793891906783
0.46315234899523605,1.9643336534500189
0.4731836020946867,1.9666879177093595
0.4832148551941373,1.9690421819687
0.49324610829358795,1.9713964462280407
-0.19974443316466003,1.1113190650939093
-0.42866286635408385,0.8053393363951364
-0.6575812995435076,0.49935960769636356
-0.8864997327329315,0.19337987899759065
-1.1154181659223552,-0.11259984970118225
0.4327970445143916,1.7094293832779894
0.4910319149475899,1.7048130035401836
0.5492667853807882,1.7001966238023778
0.6075016558139865,1.695580244064572
0.6657365262471848,1.6909638643267662
0.3520541489123592,1.7455397844314766
0.31321898102749723,1.75598108768466
0.27438381314263527,1.7664223909378434
0.23554864525777328,1.7768636941910267
0.19671347737291128,1.7873049974442101
0.43324589729310237,1.751875400543224
0.43958455324174706,1.7580568790435958
0.44592320919039174,1.7642383575439675
0.45226186513903643,1.7704198360443393
0.4586005210876811,1.776601314544711
0.45224618911745085,1.7550953626632784
0.462805390358,1.7602896690368792
0.47336459159854916,1.76548397541048
0.4839237928390983,1.770678281784081
0.49448299407964746,1.7758725881576818
0.4813540279865569,1.7539764642715512
0.4980961084366301,1.7570663690567103
0.5148381888867033,1.7601562738418695
0.5315802693367765,1.7632461786270286
0.5483223497868497,1.7663360834121877
0.6418780684471155,0.33921337127683815
0.7081390023231543,-0.1449520587921402
0.7743999361991931,-0.6291174888611186
0.8406608700752319,-1.113282918930097
0.9069218039512708,-1.5974483489990754
0.3059562444685656,1.3739607334137367
0.23815625905972101,1.3960995674133907
0.1703562736508764,1.4182384014130447
0.10255628824203179,1.4403772354126987
0.03475630283318718,1.4625160694123527
0.4991211295128175,1.3599290847778467
0.5159543454647524,1.3680568933487158
0.5327875614166873,1.376184701919585
0.5496207773686221,1.3843125104904541
0.566453993320557,1.3924403190613233
0.341379642486497,1.4522943496704759
0.30002129077900086,1.4885013103486093
0.2586629390715047,1.5247082710267428
0.21730458736400862,1.5609152317048762
0.17594623565651252,1.5971221923830097
0.38807821273815946,1.453529000281935
0.3822273910047459,1.4703959226602987
0.37637656927133234,1.4872628450386625
0.3705257475379188,1.5041297674170262
0.3646749258045052,1.52099668979539
0.4569783210754741,1.4543802738189906
0.47604447603230904,1.4659086465835884
0.495110630989144,1.4774370193481863
0.5141767859459789,1.4889653921127841
0.5332429409028139,1.500493764877382
0.3826704025268215,1.4790601730346915
0.3640086948871103,1.4919208288193102
0.3453469872473991,1.504781484603929
0.3266852796076879,1.5176421403885476
0.3080235719679767,1.5305027961731663
0.400188088417047,1.4923175573349168
0.39674651622771284,1.501708030700709
0.3933049440383787,1.511098504066501
0.3898633718490445,1.5204889774322932
0.38642179965971035,1.5298794507980853
0.43400302529336654,1.4974322319030908
0.442980289459253,1.5053974390030127
0.45195755362513945,1.5133626461029346
0.4609348177910259,1.5213278532028565
0.46991208195691236,1.5292930603027783
0.4552541673183679,1.4992705583572494
0.46832272410396325,1.5051934719085853
0.4813912808895586,1.5111163854599212
0.494459837675154,1.5170392990112571
0.5075283944607494,1.522962212562593
0.4067643284797533,1.51829159259798
0.39931342005727644,1.5285805463791173
0.39186251163479957,1.5388695001602546
0.3844116032123227,1.5491584539413918
0.37696069478984584,1.559447407722529
0.41399145126342307,1.5246026515960858
0.411433219909661,1.5335656404495486
0.4088749885558989,1.5425286293030114
0.4063167572021368,1.5514916181564742
0.4037585258483747,1.560454607009937
0.30877000093460993,0.7963405847550046
0.27224877476693565,0.5516456365586238
0.23572754859926134,0.30695068836224293
0.19920632243158704,0.06225574016586212
0.16268509626391273,-0.1824392080305187
0.4495395720005446,1.2872428894042978
0.47211527824408017,1.2877470254898085
0.4946909844876157,1.2882511615753192
0.5172666907311513,1.2887552976608299
0.5398423969746868,1.2892594337463406
0.31374880671495664,1.3653522729874137
0.28353568911544186,1.3917248249054675
0.2533225715159271,1.4180973768235212
0.2231094539164123,1.444469928741575
0.1928963363168975,1.4708424806596287
0.37541466951370317,1.355896592140224
0.37582787871360895,1.370326399803201
0.37624108791351474,1.384756207466178
0.3766542971134205,1.3991860151291549
0.3770675063133263,1.4136158227921318
0.3775631785392779,1.3918334245682153
0.37855482101440696,1.4134322404862036
0.379546463489536,1.435031056404192
0.3805381059646651,1.4566298723221802
0.38152974843979415,1.4782286882401685
0.6286281645298035,0.19237661361692962
0.712977588176732,-0.19304311275484237
0.7973270118236604,-0.5784628391266143
0.8816764354705888,-0.9638825654983864
0.9660258591175173,-1.3493022918701583
0.3430630564688928,1.0459185838699843
0.30410763621319636,1.0734860897064962
0.26515221595749994,1.101053595543008
0.22619679570180348,1.12862110137952
0.18724137544610703,1.156188607216032
0.4490077197551897,1.0122196078300605
0.45835232734682724,1.019364953041096
0.46769693493846476,1.0265102982521315
0.4770415425301023,1.033655643463167
0.4863861501217398,1.0408009886742025
0.3486771583556634,1.0534794330597261
0.32146337628357136,1.0719962716103106
0.29424959421147934,1.0905131101608951
0.2670358121393873,1.1090299487114796
0.2398220300672953,1.1275467872620641
0.45558688044548035,2.830005168914795
0.45558688044548035,2.830005168914795
0.45558688044548035,2.830005168914795
0.45558688044548035,2.830005168914795
0.45558688044548035,2.830005168914795
0.521075963973999,2.827302932739258
0.5429056584835052,2.826402187347412
0.5647353529930115,2.8255014419555664
0.5865650475025177,2.8246006965637207
0.6083947420120239,2.823699951171875
0.3988470733165741,2.9059336185455322
0.37265723943710327,2.9315433502197266
0.34646740555763245,2.957153081893921
0.3202775716781616,2.9827628135681152
0.2940877377986908,3.0083725452423096
0.4522019028663635,2.8974356651306152
0.4525269567966461,2.9116761684417725
0.4528520107269287,2.9259166717529297
0.4531770646572113,2.940157175064087
0.4535021185874939,2.954397678375244
0.48381680250167847,2.893362045288086
0.4945718050003052,2.9014978408813477
0.5053268074989319,2.9096336364746094
0.5160818099975586,2.917769432067871
0.5268368124961853,2.925905227661133
0.43191298842430115,2.924581289291382
0.4217817187309265,2.9404115676879883
0.4116504490375519,2.9562418460845947
0.40151917934417725,2.972072124481201
0.3913879096508026,2.9879024028778076
0.4732266664505005,2.9293673038482666
0.4802437126636505,2.941516160964966
0.48726075887680054,2.953665018081665
0.49427780508995056,2.9658138751983643
0.5012948513031006,2.9779627323150635
1.0691131353378296,2.0354301929473877
1.2724199891090393,1.7455503940582275
1.475726842880249,1.4556705951690674
1.6790336966514587,1.1657907962799072
1.8823405504226685,0.8759109973907471
0.26921284198760986,2.7265801429748535
0.13811731338500977,2.7637102603912354
0.007021784782409668,2.800840377807617
-0.12407374382019043,2.837970495223999
-0.2551692724227905,2.875100612640381
0.4996252655982971,2.697204351425171
0.4890323877334595,2.7121658325195312
0.4784395098686218,2.7271273136138916
0.4678466320037842,2.742088794708252
0.45725375413894653,2.7570502758026123
0.5376865863800049,1.6988165378570557
0.5433117747306824,1.3759949207305908
0.5489369630813599,1.053173303604126
0.5545621514320374,0.7303516864776611
0.5601873397827148,0.4075300693511963
0.746976375579834,2.3262293338775635
0.820489764213562,2.320152521133423
0.89400315284729,2.3140757083892822
0.9675165414810181,2.3079988956451416
1.041029930114746,2.301922082901001
0.5810841917991638,2.409496545791626
0.5747957229614258,2.4332010746002197
0.5685072541236877,2.4569056034088135
0.5622187852859497,2.4806101322174072
0.5559303164482117,2.504314661026001
0.5583342909812927,2.4356164932250977
0.546558678150177,2.4601261615753174
0.5347830653190613,2.484635829925537
0.5230074524879456,2.509145498275757
0.5112318396568298,2.5336551666259766
0.40821248292922974,1.2331407070159912
0.3503214716911316,0.8486552238464355
0.29243046045303345,0.4641697406768799
0.2345394492149353,0.07968425750732422
0.17664843797683716,-0.30480122566223145
0.7470500469207764,1.984399437904358
0.8214018940925598,1.9784953594207764
0.8957537412643433,1.9725912809371948
0.9701055884361267,1.9666872024536133
1.0444574356079102,1.9607831239700317
0.7288644313812256,1.9776631593704224
0.772370457649231,1.9714816808700562
0.8158764839172363,1.96530020236969
0.8593825101852417,1.9591187238693237
0.9028885364532471,1.9529372453689575
0.5182182788848877,2.0353543758392334
0.4770069122314453,2.0504637956619263
0.43579554557800293,2.065573215484619
0.39458417892456055,2.080682635307312
0.35337281227111816,2.095792055130005
0.5544871687889099,2.0414276123046875
0.5391025543212891,2.053524971008301
0.5237179398536682,2.065622329711914
0.5083333253860474,2.0777196884155273
0.4929487109184265,2.0898170471191406
0.5849107503890991,2.0383450984954834
0.5847955346107483,2.045382499694824
0.5846803188323975,2.052419900894165
0.5845651030540466,2.059457302093506
0.5844498872756958,2.0664947032928467
0.6175233125686646,2.036423921585083
0.6283173561096191,2.0404751300811768
0.6391113996505737,2.0445263385772705
0.6499054431915283,2.0485775470733643
0.6606994867324829,2.052628755569458
0.5675073862075806,2.0644311904907227
0.558031439781189,2.076467752456665
0.5485554933547974,2.0885043144226074
0.5390795469284058,2.10054087638855
0.5296036005020142,2.112577438354492
0.5823308229446411,2.0674147605895996
0.5809546709060669,2.0764336585998535
0.5795785188674927,2.0854525566101074
0.5782023668289185,2.0944714546203613
0.5768262147903442,2.1034903526306152
0.5687863826751709,2.0964436531066895
0.5633541345596313,2.1121325492858887
0.5579218864440918,2.127821445465088
0.5524896383285522,2.143510341644287
0.5470573902130127,2.1591992378234863
0.5783108472824097,2.1038856506347656
0.5778641700744629,2.116825580596924
0.5774174928665161,2.129765510559082
0.5769708156585693,2.1427054405212402
0.5765241384506226,2.1556453704833984
0.5789708495140076,2.126678228378296
0.5788930654525757,2.142902374267578
0.5788152813911438,2.1591265201568604
0.5787374973297119,2.1753506660461426
0.57865971326828,2.191574811935425
0.19389933347702026,0.9122183322906494
0.06549030542373657,0.5182144641876221
-0.06291872262954712,0.12421059608459473
-0.1913277506828308,-0.2697932720184326
-0.3197367787361145,-0.66379714012146
0.6908228397369385,1.7012985944747925
0.7708579897880554,1.7016561031341553
0.8508931398391724,1.702013611793518
0.9309282898902893,1.7023711204528809
1.0109634399414062,1.7027286291122437
0.318806529045105,1.780429720878601
0.24815785884857178,1.8070451021194458
0.17750918865203857,1.8336604833602905
0.10686051845550537,1.8602758646011353
0.03621184825897217,1.88689124584198
0.4541122615337372,1.7706339359283447
0.4521150588989258,1.7851122617721558
0.4501178562641144,1.7995905876159668
0.448120653629303,1.8140689134597778
0.4461234509944916,1.8285472393035889
0.49225914478302,1.7694560289382935
0.5036433041095734,1.7787156105041504
0.5150274634361267,1.7879751920700073
0.52641162276268,1.7972347736358643
0.5377957820892334,1.8064943552017212
0.5385409891605377,1.7651604413986206
0.5615577101707458,1.7699016332626343
0.584574431180954,1.774642825126648
0.6075911521911621,1.7793840169906616
0.6306078732013702,1.7841252088546753
0.5654613971710205,1.769411325454712
0.5897793471813202,1.7739890813827515
0.6140972971916199,1.778566837310791
0.6384152472019196,1.7831445932388306
0.6627331972122192,1.7877223491668701
0.4436190724372864,1.794108510017395
0.41921693086624146,1.8053927421569824
0.39481478929519653,1.8166769742965698
0.3704126477241516,1.8279612064361572
0.3460105061531067,1.8392454385757446
0.44832631945610046,1.7946217060089111
0.43362730741500854,1.802315592765808
0.4189282953739166,1.810009479522705
0.4042292833328247,1.817703366279602
0.3895302712917328,1.825397253036499
0.4732801020145416,1.8022440671920776
0.47179868817329407,1.8099141120910645
0.4703172743320465,1.8175841569900513
0.46883586049079895,1.825254201889038
0.4673544466495514,1.832924246788025
0.5079221427440643,1.80752694606781
0.5184818804264069,1.8144012689590454
0.5290416181087494,1.8212755918502808
0.5396013557910919,1.8281499147415161
0.5501610934734344,1.8350242376327515
0.481973797082901,1.8256479501724243
0.4803641736507416,1.8362711668014526
0.47875455021858215,1.846894383430481
0.47714492678642273,1.8575176000595093
0.4755353033542633,1.8681408166885376
0.4923337996006012,1.831799030303955
0.49471405148506165,1.8409315347671509
0.4970943033695221,1.8500640392303467
0.49947455525398254,1.8591965436935425
0.501854807138443,1.8683290481567383
0.5087972581386566,1.8376352787017822
0.5158719122409821,1.8456690311431885
0.5229465663433075,1.8537027835845947
0.5300212204456329,1.861736536026001
0.5370958745479584,1.8697702884674072
0.49140962958335876,1.8550349473953247
0.49033018946647644,1.8661906719207764
0.4892507493495941,1.877346396446228
0.4881713092327118,1.8885021209716797
0.48709186911582947,1.8996578454971313
0.5116000175476074,1.8630002737045288
0.5176105201244354,1.873092532157898
0.5236210227012634,1.883184790611267
0.5296315252780914,1.8932770490646362
0.5356420278549194,1.9033693075180054
0.5087435841560364,0.45396649837493896
0.5117984414100647,-0.008983254432678223
0.514853298664093,-0.4719330072402954
0.5179081559181213,-0.9348827600479126
0.5209630131721497,-1.3978325128555298
0.3290879726409912,1.4413340091705322
0.27123934030532837,1.4618233442306519
0.21339070796966553,1.4823126792907715
0.15554207563400269,1.5028020143508911
0.09769344329833984,1.5232913494110107
0.5086526572704315,1.4197734594345093
0.5299417972564697,1.426246166229248
0.5512309372425079,1.4327188730239868
0.5725200772285461,1.4391915798187256
0.5938092172145844,1.4456642866134644
0.3130921721458435,1.4975650310516357
0.262098103761673,1.5278106927871704
0.21110403537750244,1.558056354522705
0.1601099669933319,1.5883020162582397
0.10911589860916138,1.6185476779937744
0.35356777906417847,1.4897186756134033
0.33306360244750977,1.5072669982910156
0.31255942583084106,1.524815320968628
0.29205524921417236,1.5423636436462402
0.27155107259750366,1.5599119663238525
0.37997445464134216,1.4861687421798706
0.3751072287559509,1.4966843128204346
0.3702400028705597,1.5071998834609985
0.36537277698516846,1.5177154541015625
0.3605055510997772,1.5282310247421265
0.41717347502708435,1.4834299087524414
0.4263283312320709,1.4895273447036743
0.4354831874370575,1.4956247806549072
0.44463804364204407,1.5017222166061401
0.45379289984703064,1.507819652557373
0.45431941747665405,1.4876115322113037
0.47280463576316833,1.493070363998413
0.4912898540496826,1.4985291957855225
0.5097750723361969,1.5039880275726318
0.5282602906227112,1.5094468593597412
0.47724467515945435,1.488353967666626
0.49720990657806396,1.4922406673431396
0.5171751379966736,1.4961273670196533
0.5371403694152832,1.500014066696167
0.5571056008338928,1.5039007663726807
0.5020969808101654,1.4911531209945679
0.5236912369728088,1.4946773052215576
0.5452854931354523,1.4982014894485474
0.5668797492980957,1.501725673675537
0.5884740054607391,1.5052498579025269
0.4016879200935364,1.5058642625808716
0.382614403963089,1.5131174325942993
0.3635408878326416,1.520370602607727
0.3444673717021942,1.5276237726211548
0.3253938555717468,1.5348769426345825
0.47905537486076355,1.5112677812576294
0.492128849029541,1.5179044008255005
0.5052023231983185,1.5245410203933716
0.518275797367096,1.5311776399612427
0.5313492715358734,1.5378142595291138
0.40682610869407654,1.528842806816101
0.39146533608436584,1.5391255617141724
0.37610456347465515,1.5494083166122437
0.36074379086494446,1.559691071510315
0.34538301825523376,1.5699738264083862
0.41200006008148193,1.5382847785949707
0.40348419547080994,1.548287272453308
0.39496833086013794,1.5582897663116455
0.38645246624946594,1.568292260169983
0.37793660163879395,1.5782947540283203
0.4189150333404541,1.5452256202697754
0.4155427813529968,1.5542075634002686
0.41217052936553955,1.5631895065307617
0.4087982773780823,1.5721714496612549
0.405426025390625,1.581153392791748
0.42861220240592957,1.5489436388015747
0.4295964241027832,1.55617094039917
0.43058064579963684,1.5633982419967651
0.4315648674964905,1.5706255435943604
0.4325490891933441,1.5778528451919556
0.41947394609451294,1.5656698942184448
0.4170840084552765,1.5760635137557983
0.41469407081604004,1.5864571332931519
0.4123041331768036,1.5968507528305054
0.40991419553756714,1.6072443723678589
0.288942813873291,0.979156494140625
0.24383914470672607,0.7905811071395874
0.19873547554016113,0.6020057201385498
0.1536318063735962,0.4134303331375122
0.10852813720703125,0.2248549461364746
0.020743370056152344,0.3275066614151001
-0.09872555732727051,-0.015426874160766602
-0.21819448471069336,-0.3583604097366333
-0.3376634120941162,-0.7012939453125
-0.45713233947753906,-1.0442274808883667
0.3396581709384918,1.0176852941513062
0.36631715297698975,1.0191224813461304
0.39297613501548767,1.0205596685409546
0.4196351170539856,1.0219968557357788
0.4462940990924835,1.023434042930603
0.40176934003829956,1.0161091089248657
0.44024571776390076,1.016541838645935
0.47872209548950195,1.0169745683670044
0.5171984732151031,1.0174072980880737
0.5556748509407043,1.017840027809143
0.42443838715553284,1.0743352174758911
0.4576456546783447,1.0940324068069458
0.4908529222011566,1.1137295961380005
0.5240601897239685,1.1334267854690552
0.5572674572467804,1.1531239748001099
0.37513357400894165,1.0519742965698242
0.3808368146419525,1.0576521158218384
0.3865400552749634,1.0633299350738525
0.39224329590797424,1.0690077543258667
0.3979465365409851,1.0746855735778809
0.3900841772556305,1.0506479740142822
0.3988698720932007,1.0539910793304443
0.4076555669307709,1.0573341846466064
0.41644126176834106,1.0606772899627686
0.42522695660591125,1.0640203952789307
0.41485342383384705,1.0546666383743286
0.4289669692516327,1.0582349300384521
0.44308051466941833,1.0618032217025757
0.457194060087204,1.0653715133666992
0.4713076055049896,1.0689398050308228
0.3514128625392914,1.0744690895080566
0.33967503905296326,1.0834487676620483
0.32793721556663513,1.09242844581604
0.316199392080307,1.1014081239700317
0.3044615685939789,1.1103878021240234
0.3600713610649109,1.0804475545883179
0.3551323115825653,1.0884268283843994
0.3501932621002197,1.096406102180481
0.34525421261787415,1.1043853759765625
0.34031516313552856,1.112364649772644
0.3718473017215729,1.084392786026001
0.3724799156188965,1.0910273790359497
0.3731125295162201,1.0976619720458984
0.3737451434135437,1.1042965650558472
0.3743777573108673,1.110931158065796
0.38172075152397156,1.0872976779937744
0.3854336440563202,1.092689037322998
0.3891465365886688,1.0980803966522217
0.39285942912101746,1.1034717559814453
0.3965723216533661,1.108863115310669
0.408010333776474,1.0906730890274048
0.4192487895488739,1.0953924655914307
0.4304872453212738,1.1001118421554565
0.4417257010936737,1.1048312187194824
0.4529641568660736,1.1095505952835083
0.3738335371017456,1.1075468063354492
0.3699335753917694,1.116317629814148
0.3660336136817932,1.1250884532928467
0.362133651971817,1.1338592767715454
0.3582336902618408,1.1426301002502441
0.3175133168697357,2.8480935096740723
0.3175133168697357,2.8480935096740723
0.3175133168697357,2.8480935096740723
0.3175133168697357,2.8480935096740723
0.3175133168697357,2.8480935096740723
0.4284578859806061,2.833005905151367
0.46543940901756287,2.827976703643799
0.5024209320545197,2.8229475021362305
0.5394024550914764,2.817918300628662
0.5763839781284332,2.8128890991210938
0.45574134588241577,2.906935930252075
0.48949018120765686,2.9282264709472656
0.523239016532898,2.949517011642456
0.556987851858139,2.9708075523376465
0.5907366871833801,2.992098093032837
0.5723939538002014,1.9342806339263916
0.633777379989624,1.624255895614624
0.6951608061790466,1.3142311573028564
0.7565442323684692,1.0042064189910889
0.8179276585578918,0.6941816806793213
0.7661377787590027,2.5484743118286133
0.8716413378715515,2.546522378921509
0.9771448969841003,2.5445704460144043
1.0826484560966492,2.5426185131073
1.188152015209198,2.5406665802001953
0.4003031849861145,2.6218531131744385
0.3486940264701843,2.6450114250183105
0.29708486795425415,2.6681697368621826
0.24547570943832397,2.6913280487060547
0.1938665509223938,2.7144863605499268
0.4650355577468872,2.613152503967285
0.45220690965652466,2.6256911754608154
0.4393782615661621,2.6382298469543457
0.42654961347579956,2.650768518447876
0.413720965385437,2.6633071899414062
0.5778562426567078,1.1998109817504883
0.6069107055664062,0.7370562553405762
0.6359651684761047,0.274301528930664
0.6650196313858032,-0.18845319747924816
0.6940740942955017,-0.6512079238891603
0.7647991180419922,2.140120506286621
0.846483051776886,2.1450538635253906
0.9281669855117798,2.14998722076416
1.0098509192466736,2.1549205780029297
1.0915348529815674,2.159853935241699
0.7270635962486267,2.118730306625366
0.7689410448074341,2.114889144897461
0.8108184933662415,2.1110479831695557
0.8526959419250488,2.1072068214416504
0.8945733904838562,2.103365659713745
0.39089298248291016,2.1884045600891113
0.3067544102668762,2.209068536758423
0.22261583805084229,2.2297325134277344
0.13847726583480835,2.250396490097046
0.05433869361877441,2.2710604667663574
0.5380614995956421,2.1808953285217285
0.5310252904891968,2.1921682357788086
0.5239890813827515,2.2034411430358887
0.5169528722763062,2.2147140502929688
0.5099166631698608,2.225986957550049
0.5648366808891296,2.183459997177124
0.5690709352493286,2.1918301582336426
0.5733051896095276,2.200200319290161
0.5775394439697266,2.2085704803466797
0.5817736983299255,2.2169406414031982
0.6050522327423096,2.1745545864105225
0.6212802529335022,2.177166223526001
0.6375082731246948,2.1797778606414795
0.6537362933158875,2.182389497756958
0.6699643135070801,2.1850011348724365
0.5317865610122681,2.204516887664795
0.5181833505630493,2.216245412826538
0.5045801401138306,2.2279739379882812
0.4909769296646118,2.2397024631500244
0.47737371921539307,2.2514309883117676
0.5494988560676575,2.211242198944092
0.5463341474533081,2.2213029861450195
0.5431694388389587,2.2313637733459473
0.5400047302246094,2.241424560546875
0.53684002161026,2.2514853477478027
0.5625815391540527,2.215275526046753
0.5648326277732849,2.223327159881592
0.5670837163925171,2.2313787937164307
0.5693348050117493,2.2394304275512695
0.5715858936309814,2.2474820613861084
0.5518916845321655,2.2373111248016357
0.5498291254043579,2.2500240802764893
0.5477665662765503,2.2627370357513428
0.5457040071487427,2.2754499912261963
0.5436414480209351,2.28816294670105
0.5619314312934875,2.244176149368286
0.5639029741287231,2.2549397945404053
0.5658745169639587,2.2657034397125244
0.5678460597991943,2.2764670848846436
0.5698176026344299,2.2872307300567627
0.45051705837249756,1.160634994506836
0.41469329595565796,0.8066303730010986
0.37886953353881836,0.45262575149536133
0.34304577112197876,0.09862112998962404
0.30722200870513916,-0.2553834915161133
0.7227269411087036,1.8394149541854858
0.7895810604095459,1.829671859741211
0.8564351797103882,1.819928765296936
0.9232892990112305,1.8101856708526611
0.9901434183120728,1.8004425764083862
0.29586148262023926,1.918066382408142
0.198142409324646,1.9377881288528442
0.10042333602905273,1.9575098752975464
0.002704262733459473,1.9772316217422485
-0.09501481056213379,1.9969533681869507
0.5150659680366516,1.912623643875122
0.5229880809783936,1.9239572286605835
0.5309101939201355,1.935290813446045
0.5388323068618774,1.9466243982315063
0.5467544198036194,1.9579579830169678
0.545258641242981,1.903802752494812
0.5606042742729187,1.9084181785583496
0.5759499073028564,1.9130336046218872
0.5912955403327942,1.9176490306854248
0.6066411733627319,1.9222644567489624
0.5866900086402893,1.9054162502288818
0.6107308864593506,1.9090310335159302
0.6347717642784119,1.9126458168029785
0.6588126420974731,1.9162606000900269
0.6828535199165344,1.9198753833770752
0.4318649172782898,1.93820059299469
0.3962838053703308,1.9515385627746582
0.3607026934623718,1.9648765325546265
0.32512158155441284,1.9782145023345947
0.28954046964645386,1.991552472114563
0.49309349060058594,1.9377691745758057
0.48978227376937866,1.9465173482894897
0.4864710569381714,1.9552655220031738
0.4831598401069641,1.964013695716858
0.47984862327575684,1.972761869430542
0.43691548705101013,1.9685783386230469
0.4159820079803467,1.98468017578125
0.3950485289096832,2.000782012939453
0.3741150498390198,2.0168838500976562
0.3531815707683563,2.0329856872558594
0.4805173873901367,1.9700700044631958
0.48109570145606995,1.9813017845153809
0.4816740155220032,1.992533564567566
0.4822523295879364,2.003765344619751
0.48283064365386963,2.014997124671936
0.49171072244644165,1.9801795482635498
0.4958273768424988,1.9910372495651245
0.4999440312385559,2.001894950866699
0.504060685634613,2.012752652168274
0.5081773400306702,2.0236103534698486
0.5073264539241791,1.9874573945999146
0.5152761340141296,1.997121810913086
0.5232258141040802,2.0067862272262573
0.5311754941940308,2.0164506435394287
0.5391251742839813,2.0261150598526
0.5111572444438934,2.0069855451583862
0.5177339613437653,2.0199378728866577
0.5243106782436371,2.032890200614929
0.5308873951435089,2.0458425283432007
0.5374641120433807,2.058794856071472
-0.0519033968448639,0.8292394876480103
-0.2352057993412018,0.4452923536300659
-0.41850820183753973,0.06134521961212159
-0.6018106043338777,-0.32260191440582275
-0.7851130068302156,-0.7065490484237671
0.43535923957824707,1.5799622535705566
0.47557851672172546,1.5742384195327759
0.5157977938652039,1.5685145854949951
0.5560170710086823,1.5627907514572144
0.5962363481521606,1.5570669174194336
0.6504260003566742,1.5762969255447388
0.7489277720451355,1.5712592601776123
0.8474295437335968,1.5662215948104858
0.9459313154220581,1.5611839294433594
1.0444330871105194,1.556146264076233
0.3529742658138275,1.6296906471252441
0.31949153542518616,1.6441301107406616
0.2860088050365448,1.658569574356079
0.25252607464790344,1.6730090379714966
0.21904334425926208,1.687448501586914
0.4562762379646301,1.6605101823806763
0.4683884084224701,1.6804096698760986
0.48050057888031006,1.700309157371521
0.49261274933815,1.7202086448669434
0.50472491979599,1.7401081323623657
0.5189426839351654,1.626793384552002
0.5479062795639038,1.628820776939392
0.5768698751926422,1.6308481693267822
0.6058334708213806,1.6328755617141724
0.634797066450119,1.6349029541015625
0.41313180327415466,1.6515412330627441
0.3971705734729767,1.661142110824585
0.3812093436717987,1.6707429885864258
0.3652481138706207,1.6803438663482666
0.34928688406944275,1.6899447441101074
0.42660951614379883,1.6531963348388672
0.4204612672328949,1.6601486206054688
0.41431301832199097,1.6671009063720703
0.40816476941108704,1.6740531921386719
0.4020165205001831,1.6810054779052734
0.4438689947128296,1.6597137451171875
0.44552332162857056,1.6665210723876953
0.4471776485443115,1.6733283996582031
0.4488319754600525,1.680135726928711
0.45048630237579346,1.6869430541992188
0.4587564468383789,1.663148283958435
0.46482181549072266,1.6688313484191895
0.4708871841430664,1.6745144128799438
0.47695255279541016,1.6801974773406982
0.4830179214477539,1.6858805418014526
0.41805794835090637,1.6804081201553345
0.408535361289978,1.6899501085281372
0.3990127742290497,1.69949209690094
0.38949018716812134,1.7090340852737427
0.379967600107193,1.7185760736465454
0.4200996160507202,1.683590054512024
0.41443178057670593,1.6910120248794556
0.40876394510269165,1.6984339952468872
0.40309610962867737,1.7058559656143188
0.3974282741546631,1.7132779359817505
0.4378439784049988,1.691325306892395
0.4399802088737488,1.6988517045974731
0.4421164393424988,1.7063781023025513
0.4442526698112488,1.7139045000076294
0.4463889002799988,1.7214308977127075
0.4410353899002075,1.710551142692566
0.4435233473777771,1.7219773530960083
0.4460113048553467,1.7334035634994507
0.44849926233291626,1.744829773902893
0.45098721981048584,1.7562559843063354
0.2698271572589874,0.4819091558456421
0.21441638469696045,0.07997930049896242
0.15900561213493347,-0.32195055484771723
0.1035948395729065,-0.7238804101943969
0.04818406701087952,-1.1258102655410764
0.1802426278591156,0.2679712176322937
0.113440603017807,-0.07129466533660887
0.04663857817649841,-0.4105605483055115
-0.02016344666481018,-0.7498264312744141
-0.08696547150611877,-1.0890923142433167
0.4440933167934418,0.9487655162811279
0.4875088632106781,0.949519693851471
0.5309244096279144,0.950273871421814
0.5743399560451508,0.951028048992157
0.6177555024623871,0.9517822265625
0.44837096333503723,0.9475416541099548
0.47874054312705994,0.9476364850997925
0.5091101229190826,0.9477313160896301
0.5394797027111053,0.9478261470794678
0.569849282503128,0.9479209780693054
0.2934326231479645,0.9940342307090759
0.2620328962802887,1.009594976902008
0.23063316941261292,1.0251557230949402
0.19923344254493713,1.0407164692878723
0.16783371567726135,1.0562772154808044
0.3315041661262512,0.9928127527236938
0.3232615292072296,1.0027794241905212
0.315018892288208,1.0127460956573486
0.3067762553691864,1.022712767124176
0.2985336184501648,1.0326794385910034
0.374745637178421,0.9912548661231995
0.3836643695831299,0.9973800182342529
0.39258310198783875,1.0035051703453064
0.4015018343925476,1.0096303224563599
0.41042056679725647,1.0157554745674133
0.39334580302238464,0.9884817004203796
0.4054916799068451,0.9916407465934753
0.41763755679130554,0.994799792766571
0.429783433675766,0.9979588389396667
0.44192931056022644,1.0011178851127625
0.3496564030647278,1.019940733909607
0.3431905210018158,1.0325331091880798
0.3367246389389038,1.0451254844665527
0.3302587568759918,1.0577178597450256
0.32379287481307983,1.0703102350234985
0.3682480752468109,1.0243664979934692
0.37013471126556396,1.0342366695404053
0.372021347284317,1.0441068410873413
0.37390798330307007,1.0539770126342773
0.3757946193218231,1.0638471841812134
1.2146427035331726,7.96716833114624
1.4980320036411285,10.288015723228455
1.7814213037490845,12.608863115310669
2.0648106038570404,14.929710507392883
2.3481999039649963,17.250557899475098
0.5090959072113037,3.4036402702331543
0.46283984184265137,3.4296958446502686
0.416583776473999,3.455751419067383
0.3703277111053467,3.481806993484497
0.32407164573669434,3.5078625679016113
0.5948204398155212,3.3947505950927734
0.5925579071044922,3.4091577529907227
0.5902953743934631,3.423564910888672
0.5880328416824341,3.437972068786621
0.585770308971405,3.4523792266845703
0.6363210082054138,3.3888115882873535
0.6486461758613586,3.3964366912841797
0.6609713435173035,3.404061794281006
0.6732965111732483,3.411686897277832
0.6856216788291931,3.419312000274658
-0.050546884536743164,1.340688705444336
-0.2712860703468323,0.6630644798278809
-0.4920252561569214,-0.01455974578857418
-0.7127644419670105,-0.6921839714050292
-0.9335036277770996,-1.3698081970214842
0.8164299726486206,2.678725242614746
0.9582628011703491,2.672987937927246
1.1000956296920776,2.667250633239746
1.2419284582138062,2.661513328552246
1.3837612867355347,2.655776023864746
0.736358106136322,2.6727418899536133
0.8042227029800415,2.6669225692749023
0.872087299823761,2.6611032485961914
0.9399518966674805,2.6552839279174805
1.0078164935112,2.6494646072387695
0.44621020555496216,2.743182420730591
0.3947373032569885,2.7627830505371094
0.3432644009590149,2.782383680343628
0.29179149866104126,2.8019843101501465
0.24031859636306763,2.821584939956665
0.5263929963111877,2.7452170848846436
0.5188053250312805,2.758962392807007
0.5112176537513733,2.77270770072937
0.5036299824714661,2.7864530086517334
0.49604231119155884,2.8001983165740967
0.4707687497138977,2.7752537727355957
0.44716888666152954,2.7944295406341553
0.4235690236091614,2.813605308532715
0.3999691605567932,2.8327810764312744
0.37636929750442505,2.851956844329834
0.7240357995033264,1.538156509399414
0.7927249073982239,1.1385746002197266
0.8614140152931213,0.7389926910400391
0.9301031231880188,0.33941078186035156
0.9987922310829163,-0.06017112731933592
0.7995189428329468,2.336467742919922
0.8704727292060852,2.336183547973633
0.9414265155792236,2.3358993530273438
1.012380301952362,2.3356151580810547
1.0833340883255005,2.3353309631347656
0.4020172357559204,2.41923189163208
0.3168191909790039,2.4466304779052734
0.2316211462020874,2.474029064178467
0.1464231014251709,2.50142765045166
0.0612250566482544,2.5288262367248535
0.523400604724884,2.381726026535034
0.5070630311965942,2.3874897956848145
0.49072545766830444,2.3932535648345947
0.47438788414001465,2.399017333984375
0.45805031061172485,2.4047811031341553
0.5761343836784363,2.386075019836426
0.5828205943107605,2.391367197036743
0.5895068049430847,2.3966593742370605
0.5961930155754089,2.401951551437378
0.6028792262077332,2.4072437286376953
0.6147152781486511,2.3865163326263428
0.6320330500602722,2.3901915550231934
0.6493508219718933,2.393866777420044
0.6666685938835144,2.3975419998168945
0.6839863657951355,2.401217222213745
0.5051239728927612,2.416534423828125
0.48013871908187866,2.428990602493286
0.4551534652709961,2.4414467811584473
0.4301682114601135,2.4539029598236084
0.40518295764923096,2.4663591384887695
-0.14625829458236692,1.4147744178771973
-0.380042552947998,1.089158535003662
-0.613826811313629,0.763542652130127
-0.8476110696792601,0.4379267692565918
-1.0813953280448911,0.11231088638305663
0.38286280632019043,2.030435085296631
0.4033803343772888,2.018578052520752
0.4238978624343872,2.006721019744873
0.4444153904914856,1.9948639869689941
0.464932918548584,1.9830069541931152
0.4815475046634674,2.0556561946868896
0.528120756149292,2.0561585426330566
0.5746940076351166,2.0566608905792236
0.6212672591209412,2.0571632385253906
0.6678405106067657,2.0576655864715576
0.5393835306167603,2.056788682937622
0.5897110402584076,2.0575010776519775
0.6400385499000549,2.058213472366333
0.6903660595417023,2.0589258670806885
0.7406935691833496,2.059638261795044
0.5793096125125885,2.055192232131958
0.6261699795722961,2.0551350116729736
0.6730303466320038,2.0550777912139893
0.7198907136917114,2.055020570755005
0.7667510807514191,2.0549633502960205
0.4830465018749237,2.0864689350128174
0.4821990430355072,2.0968563556671143
0.4813515841960907,2.107243776321411
0.4805041253566742,2.117631196975708
0.4796566665172577,2.128018617630005
0.5240731537342072,2.0937435626983643
0.5371837317943573,2.103093385696411
0.5502943098545074,2.112443208694458
0.5634048879146576,2.121793031692505
0.5765154659748077,2.1311428546905518
0.560841977596283,2.0950403213500977
0.5818386375904083,2.10170578956604
0.6028352975845337,2.1083712577819824
0.6238319575786591,2.115036725997925
0.6448286175727844,2.121702194213867
0.5232932567596436,2.123448133468628
0.5247747898101807,2.1373610496520996
0.5262563228607178,2.1512739658355713
0.5277378559112549,2.165186882019043
0.529219388961792,2.1790997982025146
0.5366963148117065,2.1286864280700684
0.542151689529419,2.1397078037261963
0.5476070642471313,2.150729179382324
0.5530624389648438,2.161750555038452
0.5585178136825562,2.17277193069458
0.32848745584487915,1.152119517326355
0.2627214193344116,0.8339447975158691
0.1969553828239441,0.5157700777053833
0.13118934631347656,0.19759535789489743
0.06542330980300903,-0.12057936191558843
0.6265419721603394,1.7946419715881348
0.6820494532585144,1.7966996431350708
0.7375569343566895,1.7987573146820068
0.7930644154548645,1.8008149862289429
0.8485718965530396,1.802872657775879
0.314762681722641,1.8618454933166504
0.2478412389755249,1.8856184482574463
0.1809197962284088,1.9093914031982422
0.11399835348129272,1.933164358139038
0.04707691073417664,1.956937313079834
0.45915746688842773,1.8329927921295166
0.4626747667789459,1.839223861694336
0.4661920666694641,1.8454549312591553
0.4697093665599823,1.8516860008239746
0.4732266664505005,1.857917070388794
0.4910613000392914,1.8336530923843384
0.5040407776832581,1.8380272388458252
0.5170202553272247,1.842401385307312
0.5299997329711914,1.8467755317687988
0.5429792106151581,1.8511496782302856
0.5263875126838684,1.836908221244812
0.5468159019947052,1.8409093618392944
0.567244291305542,1.8449105024337769
0.5876726806163788,1.8489116430282593
0.6081010699272156,1.8529127836227417
0.4803875982761383,1.867796540260315
0.47867321968078613,1.8807600736618042
0.47695884108543396,1.8937236070632935
0.4752444624900818,1.9066871404647827
0.4735300838947296,1.919650673866272
0.4977283477783203,1.873673677444458
0.5023656785488129,1.8842750787734985
0.5070030093193054,1.894876480102539
0.511640340089798,1.9054778814315796
0.5162776708602905,1.9160792827606201
0.5233172178268433,1.8774762153625488
0.534938395023346,1.8858113288879395
0.5465595722198486,1.89414644241333
0.5581807494163513,1.9024815559387207
0.569801926612854,1.9108166694641113
0.49503928422927856,1.898656964302063
0.4933607578277588,1.9112739562988281
0.491682231426239,1.9238909482955933
0.49000370502471924,1.9365079402923584
0.48832517862319946,1.9491249322891235
0.5045604109764099,1.906624436378479
0.5066151022911072,1.9176915884017944
0.5086697936058044,1.9287587404251099
0.5107244849205017,1.9398258924484253
0.512779176235199,1.9508930444717407
0.5204139947891235,1.9129726886749268
0.5270683169364929,1.9224668741226196
0.5337226390838623,1.9319610595703125
0.5403769612312317,1.9414552450180054
0.5470312833786011,1.9509494304656982
0.4934035539627075,0.5316199064254761
0.48883628845214844,0.07749843597412107
0.48426902294158936,-0.37662303447723394
0.4797017574310303,-0.830744504928589
0.4751344919204712,-1.284865975379944
0.1533294916152954,1.5777552127838135
0.03692662715911866,1.623719334602356
-0.07947623729705809,1.6696834564208984
-0.19587910175323484,1.715647578239441
-0.31228196620941157,1.7616117000579834
0.3140857219696045,1.5220071077346802
0.29006922245025635,1.534067153930664
0.2660527229309082,1.546127200126648
0.24203622341156006,1.5581872463226318
0.21801972389221191,1.5702472925186157
0.37496837973594666,1.5086437463760376
0.3792515993118286,1.512229323387146
0.38353481888771057,1.5158149003982544
0.38781803846359253,1.5194004774093628
0.3921012580394745,1.5229860544204712
0.4196600615978241,1.5060105323791504
0.4374127686023712,1.5075231790542603
0.45516547560691833,1.5090358257293701
0.47291818261146545,1.51054847240448
0.4906708896160126,1.5120611190795898
0.31589099764823914,1.5322316884994507
0.29313644766807556,1.541980504989624
0.270381897687912,1.5517293214797974
0.2476273477077484,1.5614781379699707
0.22487279772758484,1.571226954460144
0.34287506341934204,1.5419071912765503
0.33670005202293396,1.5516315698623657
0.3305250406265259,1.5613559484481812
0.3243500292301178,1.5710803270339966
0.3181750178337097,1.580804705619812
0.36370426416397095,1.5420560836791992
0.3665306568145752,1.5485886335372925
0.36935704946517944,1.5551211833953857
0.3721834421157837,1.561653733253479
0.37500983476638794,1.5681862831115723
0.38981178402900696,1.5439913272857666
0.4003985524177551,1.5489914417266846
0.4109853208065033,1.5539915561676025
0.42157208919525146,1.5589916706085205
0.43215885758399963,1.5639917850494385
0.435994416475296,1.5464261770248413
0.4584464728832245,1.5505712032318115
0.48089852929115295,1.5547162294387817
0.5033505856990814,1.558861255645752
0.5258026421070099,1.5630062818527222
0.46551865339279175,1.548006296157837
0.4903281033039093,1.551296353340149
0.5151375532150269,1.554586410522461
0.5399470031261444,1.557876467704773
0.564756453037262,1.561166524887085
0.37271976470947266,1.563676357269287
0.35832643508911133,1.5710930824279785
0.34393310546875,1.57850980758667
0.32953977584838867,1.5859265327453613
0.31514644622802734,1.5933432579040527
0.3818513751029968,1.5700019598007202
0.37529969215393066,1.5770549774169922
0.3687480092048645,1.5841079950332642
0.36219632625579834,1.5911610126495361
0.3556446433067322,1.598214030265808
0.39162227511405945,1.5738720893859863
0.3905114531517029,1.5798641443252563
0.3894006311893463,1.5858561992645264
0.38828980922698975,1.5918482542037964
0.3871789872646332,1.5978403091430664
0.40731897950172424,1.5785194635391235
0.41181066632270813,1.5840632915496826
0.416302353143692,1.5896071195602417
0.4207940399646759,1.5951509475708008
0.4252857267856598,1.6006947755813599
0.4192574620246887,1.5831595659255981
0.42623141407966614,1.5884021520614624
0.43320536613464355,1.5936447381973267
0.44017931818962097,1.598887324333191
0.4471532702445984,1.6041299104690552
0.39121052622795105,1.5945218801498413
0.38651084899902344,1.6018043756484985
0.3818111717700958,1.6090868711471558
0.3771114945411682,1.616369366645813
0.3724118173122406,1.6236518621444702
0.39688268303871155,1.5990828275680542
0.3956402838230133,1.60545814037323
0.39439788460731506,1.6118334531784058
0.3931554853916168,1.6182087659835815
0.3919130861759186,1.6245840787887573
0.41745272278785706,1.6044038534164429
0.42348113656044006,1.610427737236023
0.42950955033302307,1.616451621055603
0.4355379641056061,1.622475504875183
0.4415663778781891,1.6284993886947632
0.7857261896133423,2.6939423084259033
0.7857261896133423,2.6939423084259033
0.7857261896133423,2.6939423084259033
0.7857261896133423,2.6939423084259033
0.7857261896133423,2.6939423084259033
0.30889075994491577,2.7943220138549805
0.14994561672210693,2.827781915664673
-0.008999526500701897,2.8612418174743652
-0.16794466972351071,2.8947017192840576
-0.3268898129463195,2.92816162109375
0.5160977244377136,2.765798568725586
0.4792032837867737,2.778597354888916
0.44230884313583374,2.791396141052246
0.4054144024848938,2.804194927215576
0.36851996183395386,2.8169937133789062
0.5045776963233948,2.8139216899871826
0.47614139318466187,2.8384952545166016
0.44770509004592896,2.8630688190460205
0.41926878690719604,2.8876423835754395
0.39083248376846313,2.9122159481048584
0.5790799260139465,2.8106517791748047
0.5849564671516418,2.825944185256958
0.5908330082893372,2.8412365913391113
0.5967095494270325,2.8565289974212646
0.6025860905647278,2.871821403503418
0.6184452772140503,1.8255767822265625
0.6354847550392151,1.507413387298584
0.6525242328643799,1.1892499923706055
0.6695637106895447,0.871086597442627
0.6866031885147095,0.5529232025146484
0.33609479665756226,2.5635335445404053
0.2533376216888428,2.597410202026367
0.1705804467201233,2.631286859512329
0.08782327175140381,2.665163516998291
0.005066096782684327,2.699040174484253
0.5092443227767944,2.558051109313965
0.5117893815040588,2.578808069229126
0.5143344402313232,2.599565029144287
0.5168794989585876,2.6203219890594482
0.519424557685852,2.6410789489746094
0.473940372467041,2.597548484802246
0.4638690948486328,2.6245522499084473
0.4537978172302246,2.6515560150146484
0.4437265396118164,2.6785597801208496
0.4336552619934082,2.705563545227051
0.9761311411857605,1.5470373630523682
1.1368138790130615,1.214869499206543
1.2974966168403625,0.8827016353607178
1.4581793546676636,0.5505337715148926
1.6188620924949646,0.21836590766906736
0.15112459659576416,2.2997379302978516
-0.016755759716033932,2.329192876815796
-0.18463611602783203,2.3586478233337402
-0.3525164723396301,2.3881027698516846
-0.5203968286514282,2.417557716369629
0.4534871578216553,2.2759671211242676
0.4423544406890869,2.287680149078369
0.43122172355651855,2.2993931770324707
0.4200890064239502,2.3111062049865723
0.40895628929138184,2.322819232940674
0.5141223073005676,2.2601935863494873
0.5269122123718262,2.262744426727295
0.5397021174430847,2.2652952671051025
0.5524920225143433,2.26784610748291
0.5652819275856018,2.2703969478607178
0.5619289875030518,2.254056215286255
0.5863911509513855,2.253710985183716
0.6108533143997192,2.2533657550811768
0.635315477848053,2.2530205249786377
0.6597776412963867,2.2526752948760986
0.4142363369464874,2.289689779281616
0.3813135623931885,2.301337480545044
0.3483907878398895,2.3129851818084717
0.3154680132865906,2.3246328830718994
0.2825452387332916,2.336280584335327
0.4426921606063843,2.287442922592163
0.43022891879081726,2.294459104537964
0.41776567697525024,2.3014752864837646
0.4053024351596832,2.3084914684295654
0.3928391933441162,2.315507650375366
0.46116042137145996,2.2928833961486816
0.4590076804161072,2.2993743419647217
0.4568549394607544,2.3058652877807617
0.4547021985054016,2.3123562335968018
0.45254945755004883,2.318847179412842
0.47975197434425354,2.2989695072174072
0.4845139980316162,2.305325508117676
0.4892760217189789,2.3116815090179443
0.49403804540634155,2.318037509918213
0.4988000690937042,2.3243935108184814
0.20375046133995056,1.2177734375
0.11492463946342468,0.86161208152771
0.026098817586898807,0.5054507255554199
-0.06272700428962708,0.14928936958312986
-0.15155282616615295,-0.2068719863891602
0.22087699174880981,2.0919806957244873
0.16736862063407898,2.145942211151123
0.11386024951934814,2.199903726577759
0.06035187840461731,2.2538652420043945
0.006843507289886477,2.3078267574310303
0.2814891040325165,2.0054473876953125
0.26602089405059814,2.0125772953033447
0.2505526840686798,2.019707202911377
0.23508447408676147,2.026837110519409
0.21961626410484314,2.0339670181274414
0.29334965348243713,2.0096940994262695
0.28699102997779846,2.0158629417419434
0.2806324064731598,2.022031784057617
0.2742737829685211,2.028200626373291
0.26791515946388245,2.034369468688965
0.3091786205768585,2.01291823387146
0.31021586060523987,2.0181055068969727
0.3112531006336212,2.0232927799224854
0.31229034066200256,2.028480052947998
0.3133275806903839,2.0336673259735107
0.32045385241508484,2.0209364891052246
0.3249037563800812,2.0270674228668213
0.3293536603450775,2.033198356628418
0.33380356431007385,2.0393292903900146
0.3382534682750702,2.0454602241516113
0.3622429668903351,2.017920732498169
0.3791392743587494,2.021002769470215
0.3960355818271637,2.0240848064422607
0.412931889295578,2.0271668434143066
0.4298281967639923,2.0302488803863525
0.3143979012966156,2.038374900817871
0.309713751077652,2.0472476482391357
0.30502960085868835,2.0561203956604004
0.30034545063972473,2.064993143081665
0.2956613004207611,2.0738658905029297
0.32223573327064514,2.0450189113616943
0.3217255771160126,2.0531487464904785
0.32121542096138,2.0612785816192627
0.32070526480674744,2.069408416748047
0.32019510865211487,2.077538251876831
0.3313336968421936,2.050271987915039
0.3340262472629547,2.0574429035186768
0.3367187976837158,2.0646138191223145
0.33941134810447693,2.071784734725952
0.34210389852523804,2.07895565032959
0.36273258924484253,2.0541906356811523
0.3749939203262329,2.0602774620056152
0.3872552514076233,2.066364288330078
0.39951658248901367,2.072451114654541
0.41177791357040405,2.078537940979004
0.32609885931015015,2.0685365200042725
0.32206183671951294,2.077376365661621
0.31802481412887573,2.0862162113189697
0.3139877915382385,2.0950560569763184
0.3099507689476013,2.103895902633667
0.332022488117218,2.074683427810669
0.33130568265914917,2.0826256275177
0.3305888772010803,2.0905678272247314
0.3298720717430115,2.0985100269317627
0.3291552662849426,2.106452226638794
0.33870723843574524,2.0810391902923584
0.34045761823654175,2.0884525775909424
0.34220799803733826,2.0958659648895264
0.34395837783813477,2.1032793521881104
0.3457087576389313,2.1106927394866943
0.28437137603759766,1.170102834701538
0.26742634177207947,0.8713996410369873
0.2504813075065613,0.5726964473724365
0.2335362732410431,0.27399325370788574
0.2165912389755249,-0.024709939956665043
0.39309069514274597,1.7859116792678833
0.41803377866744995,1.7920458316802979
0.44297686219215393,1.7981799840927124
0.4679199457168579,1.804314136505127
0.4928630292415619,1.8104482889175415
0.598158061504364,1.807282567024231
0.6831425726413727,1.8184956312179565
0.7681270837783813,1.8297086954116821
0.85311159491539,1.8409217596054077
0.9380961060523987,1.8521348237991333
0.302703320980072,1.8344426155090332
0.26087474822998047,1.8509713411331177
0.21904617547988892,1.8675000667572021
0.17721760272979736,1.8840287923812866
0.1353890299797058,1.900557518005371
0.37798142433166504,1.8301713466644287
0.375188410282135,1.8397667407989502
0.372395396232605,1.8493621349334717
0.36960238218307495,1.8589575290679932
0.3668093681335449,1.8685529232025146
0.32356902956962585,1.867089867591858
0.3035695552825928,1.8857929706573486
0.2835700809955597,1.9044960737228394
0.2635706067085266,1.92319917678833
0.24357113242149353,1.9419022798538208
0.3422338664531708,1.8716055154800415
0.3351224958896637,1.8855794668197632
0.3280111253261566,1.8995534181594849
0.32089975476264954,1.9135273694992065
0.31378838419914246,1.9275013208389282
0.36046597361564636,1.8759689331054688
0.36180242896080017,1.8867393732070923
0.363138884305954,1.8975098133087158
0.3644753396511078,1.9082802534103394
0.3658117949962616,1.919050693511963
0.3437117338180542,1.9005602598190308
0.33901795744895935,1.9159376621246338
0.3343241810798645,1.9313150644302368
0.32963040471076965,1.9466924667358398
0.3249366283416748,1.9620698690414429
0.35739752650260925,1.9070377349853516
0.3588302731513977,1.9194484949111938
0.36026301980018616,1.9318592548370361
0.3616957664489746,1.9442700147628784
0.36312851309776306,1.9566807746887207
0.23326891660690308,0.33869111537933355
0.19284787774085999,-0.17581725120544422
0.1524268388748169,-0.6903256177902221
0.1120058000087738,-1.2048339843749998
0.07158476114273071,-1.7193423509597776
0.3992595076560974,1.3706886768341064
0.4276423454284668,1.3716822862625122
0.4560251832008362,1.372675895690918
0.48440802097320557,1.3736695051193237
0.512790858745575,1.3746631145477295
0.46023842692375183,1.3935633897781372
0.49948662519454956,1.401850700378418
0.5387348234653473,1.4101380109786987
0.577983021736145,1.4184253215789795
0.6172312200069427,1.4267126321792603
0.28171396255493164,1.4184517860412598
0.24837127327919006,1.4322727918624878
0.2150285840034485,1.4460937976837158
0.1816858947277069,1.4599148035049438
0.14834320545196533,1.4737358093261719
0.32956603169441223,1.4179279804229736
0.3232882618904114,1.4269673824310303
0.3170104920864105,1.436006784439087
0.31073272228240967,1.4450461864471436
0.3044549524784088,1.4540855884552002
0.49650049209594727,1.4603126049041748
0.5479601323604584,1.4804670810699463
0.5994197726249695,1.5006215572357178
0.6508794128894806,1.5207760334014893
0.7023390531539917,1.5409305095672607
0.3724651634693146,1.4430334568023682
0.3654264807701111,1.4507100582122803
0.3583877980709076,1.4583866596221924
0.3513491153717041,1.4660632610321045
0.3443104326725006,1.4737398624420166
0.3880518972873688,1.4468415975570679
0.38855502009391785,1.4532287120819092
0.3890581429004669,1.4596158266067505
0.389561265707016,1.4660029411315918
0.39006438851356506,1.472390055656433
0.35565611720085144,1.463653564453125
0.34519293904304504,1.4735156297683716
0.33472976088523865,1.4833776950836182
0.32426658272743225,1.4932397603988647
0.31380340456962585,1.5031018257141113
0.3615435063838959,1.4681190252304077
0.3565305173397064,1.476182222366333
0.35151752829551697,1.4842454195022583
0.3465045392513275,1.4923086166381836
0.34149155020713806,1.5003718137741089
0.3764807879924774,1.4750399589538574
0.3781178891658783,1.4827224016189575
0.3797549903392792,1.4904048442840576
0.38139209151268005,1.4980872869491577
0.38302919268608093,1.5057697296142578
0.38650238513946533,1.4799450635910034
0.3909343183040619,1.4867017269134521
0.39536625146865845,1.4934583902359009
0.399798184633255,1.5002150535583496
0.40423011779785156,1.5069717168807983
0.400868684053421,1.4840513467788696
0.40861207246780396,1.4899245500564575
0.4163554608821869,1.4957977533340454
0.4240988492965698,1.5016709566116333
0.43184223771095276,1.5075441598892212
0.3862149119377136,1.497460126876831
0.3864925801753998,1.5058451890945435
0.38677024841308594,1.5142302513122559
0.3870479166507721,1.5226153135299683
0.38732558488845825,1.5310003757476807
0.3971087634563446,1.5022742748260498
0.4009251594543457,1.5094690322875977
0.4047415554523468,1.5166637897491455
0.4085579514503479,1.5238585472106934
0.412374347448349,1.5310533046722412
0.3710734248161316,7.6294167041778564
0.36493924260139465,9.676594018936157
0.3588050603866577,11.723771333694458
0.3526708781719208,13.770948648452759
0.34653669595718384,15.81812596321106
0.4550742506980896,3.52447772026062
0.478985071182251,3.520949602127075
0.5028958916664124,3.5174214839935303
0.5268067121505737,3.5138933658599854
0.5507175326347351,3.5103652477264404
0.41741228103637695,0.5825080871582031
0.4207988381385803,-0.4005005359649658
0.4241853952407837,-1.3835091590881348
0.42757195234298706,-2.3665177822113037
0.43095850944519043,-3.3495264053344727
0.5590297877788544,2.533135175704956
0.6084933280944824,2.5280051231384277
0.6579568684101105,2.5228750705718994
0.7074204087257385,2.517745018005371
0.7568839490413666,2.5126149654388428
0.6644635200500488,2.5536792278289795
0.7325837910175323,2.5571072101593018
0.8007040619850159,2.560535192489624
0.8688243329524994,2.5639631748199463
0.9369446039199829,2.5673911571502686
0.6926075220108032,2.5512478351593018
0.7474023699760437,2.552722692489624
0.8021972179412842,2.5541975498199463
0.8569920659065247,2.5556724071502686
0.9117869138717651,2.557147264480591
0.3653980493545532,2.5786571502685547
0.2928581237792969,2.5887768268585205
0.22031819820404053,2.5988965034484863
0.14777827262878418,2.609016180038452
0.07523834705352783,2.619135856628418
0.4818150997161865,2.591719388961792
0.47226083278656006,2.6028199195861816
0.4627065658569336,2.6139204502105713
0.45315229892730713,2.625020980834961
0.44359803199768066,2.6361215114593506
0.5051266551017761,2.5984668731689453
0.5065276622772217,2.608116388320923
0.5079286694526672,2.6177659034729004
0.5093296766281128,2.627415418624878
0.5107306838035583,2.6370649337768555
0.47041743993759155,2.613478660583496
0.4597817063331604,2.624915599822998
0.44914597272872925,2.6363525390625
0.4385102391242981,2.647789478302002
0.42787450551986694,2.659226417541504
0.47945132851600647,2.6266329288482666
0.4753721356391907,2.6386423110961914
0.4712929427623749,2.650651693344116
0.4672137498855591,2.662661075592041
0.4631345570087433,2.674670457839966
0.4929888844490051,2.6506407260894775
0.4947819411754608,2.666649580001831
0.4965749979019165,2.6826584339141846
0.4983680546283722,2.698667287826538
0.5001611113548279,2.7146761417388916
0.36718201637268066,2.0005369186401367
0.32644176483154297,1.7945082187652588
0.2857015132904053,1.5884795188903809
0.24496126174926758,1.382450819015503
0.20422101020812988,1.176422119140625
0.3867543637752533,2.5139317512512207
0.36611831188201904,2.54771089553833
0.3454822599887848,2.5814900398254395
0.32484620809555054,2.615269184112549
0.3042101562023163,2.649048328399658
0.5134031474590302,2.4892358779907227
0.5418620407581329,2.503523349761963
0.5703209340572357,2.517810821533203
0.5987798273563385,2.5320982933044434
0.6272387206554413,2.5463857650756836
0.6941572427749634,1.2905268669128418
0.7733812034130096,0.900482177734375
0.8526051640510559,0.5104374885559082
0.9318291246891022,0.12039279937744139
1.0110530853271484,-0.2696518898010254
0.5973556041717529,2.064033031463623
0.6179043650627136,2.0618386268615723
0.6384531259536743,2.0596442222595215
0.659001886844635,2.0574498176574707
0.6795506477355957,2.05525541305542
0.10799363255500792,2.1155736446380615
-0.04142785072326663,2.131290912628174
-0.19084933400154117,2.147008180618286
-0.34027081727981573,2.1627254486083984
-0.48969230055809027,2.1784427165985107
0.2917187809944153,2.1219568252563477
0.25334617495536804,2.1345627307891846
0.2149735689163208,2.1471686363220215
0.17660096287727356,2.1597745418548584
0.13822835683822632,2.1723804473876953
0.33636555075645447,2.122133731842041
0.32566606998443604,2.13059663772583
0.3149665892124176,2.139059543609619
0.30426710844039917,2.147522449493408
0.29356762766838074,2.1559853553771973
0.363595187664032,2.119279146194458
0.36553874611854553,2.123969554901123
0.3674823045730591,2.128659963607788
0.36942586302757263,2.133350372314453
0.3713694214820862,2.138040781021118
0.4013669788837433,2.1189184188842773
0.41525328159332275,2.121925115585327
0.4291395843029022,2.124931812286377
0.4430258870124817,2.1279385089874268
0.45691218972206116,2.1309452056884766
0.45269477367401123,2.11470890045166
0.4790615737438202,2.1153101921081543
0.5054283738136292,2.1159114837646484
0.5317951738834381,2.1165127754211426
0.5581619739532471,2.1171140670776367
0.35233139991760254,2.1418540477752686
0.3364548087120056,2.151303291320801
0.3205782175064087,2.160752534866333
0.30470162630081177,2.1702017784118652
0.28882503509521484,2.1796510219573975
0.3644787073135376,2.1452572345733643
0.35794341564178467,2.152691125869751
0.35140812397003174,2.1601250171661377
0.3448728322982788,2.1675589084625244
0.3383375406265259,2.174992799758911
0.3724270761013031,2.1513171195983887
0.37071967124938965,2.1582930088043213
0.3690122663974762,2.165268898010254
0.36730486154556274,2.1722447872161865
0.3655974566936493,2.179220676422119
0.35710379481315613,2.1659433841705322
0.35085776448249817,2.175469398498535
0.3446117341518402,2.184995412826538
0.33836570382118225,2.194521427154541
0.3321196734905243,2.204047441482544
0.3691157400608063,2.1705169677734375
0.36895570158958435,2.178392171859741
0.3687956631183624,2.186267375946045
0.3686356246471405,2.1941425800323486
0.3684755861759186,2.2020177841186523
0.28748512268066406,0.8546608686447144
0.2601682245731354,0.4212923049926758
0.2328513264656067,-0.012076258659362776
0.205534428358078,-0.4454448223114013
0.17821753025054932,-0.8788133859634398
0.3831767439842224,1.6955561637878418
0.3968626856803894,1.686942219734192
0.4105486273765564,1.678328275680542
0.4242345690727234,1.669714331626892
0.4379205107688904,1.6611003875732422
0.4642259180545807,1.696344256401062
0.5003662705421448,1.6908643245697021
0.5365066230297089,1.6853843927383423
0.572646975517273,1.6799044609069824
0.608787328004837,1.6744245290756226
0.1713293194770813,1.8790760040283203
0.0977906882762909,1.9363332986831665
0.024252057075500485,1.9935905933380127
-0.049286574125289924,2.050847887992859
-0.12282520532608034,2.108105182647705
0.3171877861022949,1.7933683395385742
0.31678152084350586,1.8029706478118896
0.3163752555847168,1.812572956085205
0.31596899032592773,1.8221752643585205
0.31556272506713867,1.831777572631836
0.33108001947402954,1.799851417541504
0.33543992042541504,1.8084139823913574
0.33979982137680054,1.816976547241211
0.34415972232818604,1.8255391120910645
0.34851962327957153,1.834101676940918
0.3840733766555786,1.8046027421951294
0.4046444296836853,1.8118948936462402
0.425215482711792,1.819187045097351
0.4457865357398987,1.826479196548462
0.46635758876800537,1.8337713479995728
0.40297162532806396,1.8097044229507446
0.4229850769042969,1.816266417503357
0.4429985284805298,1.8228284120559692
0.4630119800567627,1.8293904066085815
0.4830254316329956,1.8359524011611938
0.3375239968299866,1.8251835107803345
0.3290504217147827,1.834717869758606
0.32057684659957886,1.8442522287368774
0.312103271484375,1.853786587715149
0.30362969636917114,1.8633209466934204
0.3458116352558136,1.8307746648788452
0.34292513132095337,1.8389946222305298
0.34003862738609314,1.8472145795822144
0.3371521234512329,1.855434536933899
0.3342656195163727,1.8636544942855835
0.35401883721351624,1.834652304649353
0.35483023524284363,1.841424822807312
0.355641633272171,1.848197340965271
0.3564530313014984,1.85496985912323
0.3572644293308258,1.861742377281189
0.38857752084732056,1.8368504047393799
0.40063801407814026,1.8420981168746948
0.41269850730895996,1.8473458290100098
0.42475900053977966,1.8525935411453247
0.43681949377059937,1.8578412532806396
0.34583261609077454,1.8561071157455444
0.33962464332580566,1.8660244941711426
0.3334166705608368,1.8759418725967407
0.3272086977958679,1.8858592510223389
0.32100072503089905,1.895776629447937
0.35057610273361206,1.8637546300888062
0.348018616437912,1.8729153871536255
0.3454611301422119,1.8820761442184448
0.34290364384651184,1.8912369012832642
0.34034615755081177,1.9003976583480835
0.35769227147102356,1.8695765733718872
0.35835933685302734,1.8776243925094604
0.35902640223503113,1.8856722116470337
0.3596934676170349,1.893720030784607
0.3603605329990387,1.9017678499221802
0.3502168655395508,1.884951114654541
0.3481697738170624,1.8954411745071411
0.346122682094574,1.9059312343597412
0.34407559037208557,1.9164212942123413
0.34202849864959717,1.9269113540649414
0.35548004508018494,1.892871618270874
0.35586971044540405,1.9025051593780518
0.35625937581062317,1.9121387004852295
0.3566490411758423,1.9217722415924072
0.3570387065410614,1.931405782699585
0.4815168082714081,0.5871309041976929
0.5237888395786285,0.15830636024475095
0.566060870885849,-0.270518183708191
0.6083329021930695,-0.6993427276611329
0.6506049335002899,-1.128167271614075
0.47419077157974243,1.4261085987091064
0.49993011355400085,1.4198848009109497
0.5256694555282593,1.413661003112793
0.5514087975025177,1.4074372053146362
0.5771481394767761,1.4012134075164795
0.5042472183704376,1.4540711641311646
0.5314255952835083,1.459242820739746
0.558603972196579,1.4644144773483276
0.5857823491096497,1.4695861339569092
0.6129607260227203,1.4747577905654907
0.2420177459716797,1.4786165952682495
0.1727268397808075,1.4902461767196655
0.1034359335899353,1.5018757581710815
0.03414502739906312,1.5135053396224976
-0.03514587879180907,1.5251349210739136
0.4185968041419983,1.482844352722168
0.4312625527381897,1.4920066595077515
0.4439283013343811,1.501168966293335
0.4565940499305725,1.5103312730789185
0.4692597985267639,1.519493579864502
0.45655739307403564,1.479027271270752
0.47765475511550903,1.483863115310669
0.4987521171569824,1.488698959350586
0.5198494791984558,1.493534803390503
0.5409468412399292,1.49837064743042
0.2637855112552643,1.5463532209396362
0.21359312534332275,1.572019100189209
0.16340073943138123,1.5976849794387817
0.1132083535194397,1.6233508586883545
0.06301596760749817,1.6490167379379272
0.34677088260650635,1.5217841863632202
0.34097108244895935,1.5307050943374634
0.33517128229141235,1.5396260023117065
0.32937148213386536,1.5485469102859497
0.32357168197631836,1.5574678182601929
0.3655562996864319,1.5207358598709106
0.36795157194137573,1.5263336896896362
0.3703468441963196,1.5319315195083618
0.3727421164512634,1.5375293493270874
0.3751373887062073,1.543127179145813
0.38550546765327454,1.523545265197754
0.3937520384788513,1.528213620185852
0.4019986093044281,1.5328819751739502
0.4102451801300049,1.5375503301620483
0.41849175095558167,1.5422186851501465
0.4067639708518982,1.5269722938537598
0.4193478524684906,1.5312268733978271
0.431931734085083,1.5354814529418945
0.4445156157016754,1.539736032485962
0.4570994973182678,1.5439906120300293
0.35278740525245667,1.5468730926513672
0.3431844711303711,1.5563430786132812
0.3335815370082855,1.5658130645751953
0.32397860288619995,1.5752830505371094
0.3143756687641144,1.5847530364990234
0.35968926548957825,1.5525654554367065
0.3555879294872284,1.5607762336730957
0.35148659348487854,1.5689870119094849
0.3473852574825287,1.577197790145874
0.34328392148017883,1.5854085683822632
0.3668520450592041,1.5578047037124634
0.3665054142475128,1.565024971961975
0.36615878343582153,1.5722452402114868
0.36581215262413025,1.5794655084609985
0.36546552181243896,1.5866857767105103
0.4114254415035248,1.5613317489624023
0.42605215311050415,1.5673209428787231
0.4406788647174835,1.573310136795044
0.4553055763244629,1.5792993307113647
0.46993228793144226,1.5852885246276855
0.3609257936477661,1.5778491497039795
0.35384371876716614,1.5873477458953857
0.34676164388656616,1.596846342086792
0.3396795690059662,1.6063449382781982
0.3325974941253662,1.6158435344696045
0.36502745747566223,1.58480966091156
0.3616732954978943,1.5934622287750244
0.35831913352012634,1.6021147966384888
0.3549649715423584,1.6107673645019531
0.35161080956459045,1.6194199323654175
0.3700595796108246,1.5910468101501465
0.3695008456707001,1.5988942384719849
0.36894211173057556,1.6067416667938232
0.36838337779045105,1.6145890951156616
0.36782464385032654,1.6224365234375
